Dgene	Vgene	Number
IGHD1-1	IGHV1-18	6016.0
IGHD1-1	IGHV1-2	6549.0
IGHD1-1	IGHV1-24	1263.0
IGHD1-1	IGHV1-3	3058.0
IGHD1-1	IGHV1-38-4	23.0
IGHD1-1	IGHV1-45	120.0
IGHD1-1	IGHV1-46	2637.0
IGHD1-1	IGHV1-58	477.0
IGHD1-1	IGHV1-68	90.0
IGHD1-1	IGHV1-69	6722.0
IGHD1-1	IGHV1-69-2	82.0
IGHD1-1	IGHV1-69D	24.0
IGHD1-1	IGHV1-8	3369.0
IGHD1-1	IGHV1/OR15-1	32.0
IGHD1-1	IGHV1/OR15-2	179.0
IGHD1-1	IGHV1/OR15-3	24.0
IGHD1-1	IGHV1/OR15-4	39.0
IGHD1-1	IGHV1/OR15-5	13.0
IGHD1-1	IGHV1/OR15-9	44.0
IGHD1-1	IGHV1/OR21-1	5.0
IGHD1-1	IGHV2-10	16.0
IGHD1-1	IGHV2-26	233.0
IGHD1-1	IGHV2-5	2100.0
IGHD1-1	IGHV2-70	411.0
IGHD1-1	IGHV2-70D	7.0
IGHD1-1	IGHV2/OR16-5	1.0
IGHD1-1	IGHV3-11	2758.0
IGHD1-1	IGHV3-13	1687.0
IGHD1-1	IGHV3-15	2272.0
IGHD1-1	IGHV3-16	29.0
IGHD1-1	IGHV3-19	39.0
IGHD1-1	IGHV3-20	811.0
IGHD1-1	IGHV3-21	6050.0
IGHD1-1	IGHV3-22	572.0
IGHD1-1	IGHV3-23	12885.0
IGHD1-1	IGHV3-23D	95.0
IGHD1-1	IGHV3-25	10.0
IGHD1-1	IGHV3-29	2.0
IGHD1-1	IGHV3-30	7938.0
IGHD1-1	IGHV3-30-2	0.0
IGHD1-1	IGHV3-30-22	0.0
IGHD1-1	IGHV3-30-3	2403.0
IGHD1-1	IGHV3-30-33	0.0
IGHD1-1	IGHV3-30-5	199.0
IGHD1-1	IGHV3-30-52	0.0
IGHD1-1	IGHV3-32	0.0
IGHD1-1	IGHV3-33	3505.0
IGHD1-1	IGHV3-33-2	1.0
IGHD1-1	IGHV3-35	93.0
IGHD1-1	IGHV3-38	32.0
IGHD1-1	IGHV3-38-3	362.0
IGHD1-1	IGHV3-43	523.0
IGHD1-1	IGHV3-43D	173.0
IGHD1-1	IGHV3-47	39.0
IGHD1-1	IGHV3-48	4494.0
IGHD1-1	IGHV3-49	794.0
IGHD1-1	IGHV3-52	99.0
IGHD1-1	IGHV3-53	2693.0
IGHD1-1	IGHV3-54	2.0
IGHD1-1	IGHV3-62	12.0
IGHD1-1	IGHV3-63	0.0
IGHD1-1	IGHV3-64	806.0
IGHD1-1	IGHV3-64D	292.0
IGHD1-1	IGHV3-66	1972.0
IGHD1-1	IGHV3-69-1	737.0
IGHD1-1	IGHV3-7	5991.0
IGHD1-1	IGHV3-71	307.0
IGHD1-1	IGHV3-72	478.0
IGHD1-1	IGHV3-73	509.0
IGHD1-1	IGHV3-74	3338.0
IGHD1-1	IGHV3-9	2617.0
IGHD1-1	IGHV3-NL1	31.0
IGHD1-1	IGHV3/OR15-7	38.0
IGHD1-1	IGHV3/OR16-10	34.0
IGHD1-1	IGHV3/OR16-12	13.0
IGHD1-1	IGHV3/OR16-13	26.0
IGHD1-1	IGHV3/OR16-14	0.0
IGHD1-1	IGHV3/OR16-15	26.0
IGHD1-1	IGHV3/OR16-16	2.0
IGHD1-1	IGHV3/OR16-6	1.0
IGHD1-1	IGHV3/OR16-8	41.0
IGHD1-1	IGHV3/OR16-9	49.0
IGHD1-1	IGHV4-28	161.0
IGHD1-1	IGHV4-30-2	1303.0
IGHD1-1	IGHV4-30-4	1222.0
IGHD1-1	IGHV4-31	2057.0
IGHD1-1	IGHV4-34	7939.0
IGHD1-1	IGHV4-38-2	1688.0
IGHD1-1	IGHV4-39	7131.0
IGHD1-1	IGHV4-4	4515.0
IGHD1-1	IGHV4-55	225.0
IGHD1-1	IGHV4-59	10834.0
IGHD1-1	IGHV4-61	2588.0
IGHD1-1	IGHV4/OR15-8	269.0
IGHD1-1	IGHV5-10-1	1160.0
IGHD1-1	IGHV5-51	4377.0
IGHD1-1	IGHV5-78	1.0
IGHD1-1	IGHV6-1	4869.0
IGHD1-1	IGHV7-34-1	146.0
IGHD1-1	IGHV7-4-1	1888.0
IGHD1-1	IGHV7-40	13.0
IGHD1-1	IGHV7-81	127.0
IGHD1-14	IGHV1-18	2891.0
IGHD1-14	IGHV1-2	2638.0
IGHD1-14	IGHV1-24	584.0
IGHD1-14	IGHV1-3	1202.0
IGHD1-14	IGHV1-38-4	4.0
IGHD1-14	IGHV1-45	72.0
IGHD1-14	IGHV1-46	1379.0
IGHD1-14	IGHV1-58	219.0
IGHD1-14	IGHV1-68	21.0
IGHD1-14	IGHV1-69	2860.0
IGHD1-14	IGHV1-69-2	33.0
IGHD1-14	IGHV1-69D	23.0
IGHD1-14	IGHV1-8	1464.0
IGHD1-14	IGHV1/OR15-1	6.0
IGHD1-14	IGHV1/OR15-2	90.0
IGHD1-14	IGHV1/OR15-3	11.0
IGHD1-14	IGHV1/OR15-4	20.0
IGHD1-14	IGHV1/OR15-5	8.0
IGHD1-14	IGHV1/OR15-9	19.0
IGHD1-14	IGHV1/OR21-1	1.0
IGHD1-14	IGHV2-10	24.0
IGHD1-14	IGHV2-26	119.0
IGHD1-14	IGHV2-5	748.0
IGHD1-14	IGHV2-70	205.0
IGHD1-14	IGHV2-70D	4.0
IGHD1-14	IGHV2/OR16-5	1.0
IGHD1-14	IGHV3-11	1507.0
IGHD1-14	IGHV3-13	763.0
IGHD1-14	IGHV3-15	954.0
IGHD1-14	IGHV3-16	7.0
IGHD1-14	IGHV3-19	13.0
IGHD1-14	IGHV3-20	368.0
IGHD1-14	IGHV3-21	2809.0
IGHD1-14	IGHV3-22	264.0
IGHD1-14	IGHV3-23	7058.0
IGHD1-14	IGHV3-23D	33.0
IGHD1-14	IGHV3-25	5.0
IGHD1-14	IGHV3-29	0.0
IGHD1-14	IGHV3-30	3799.0
IGHD1-14	IGHV3-30-2	1.0
IGHD1-14	IGHV3-30-22	1.0
IGHD1-14	IGHV3-30-3	1303.0
IGHD1-14	IGHV3-30-33	1.0
IGHD1-14	IGHV3-30-5	119.0
IGHD1-14	IGHV3-30-52	0.0
IGHD1-14	IGHV3-32	0.0
IGHD1-14	IGHV3-33	1695.0
IGHD1-14	IGHV3-33-2	0.0
IGHD1-14	IGHV3-35	45.0
IGHD1-14	IGHV3-38	20.0
IGHD1-14	IGHV3-38-3	170.0
IGHD1-14	IGHV3-43	270.0
IGHD1-14	IGHV3-43D	70.0
IGHD1-14	IGHV3-47	20.0
IGHD1-14	IGHV3-48	2314.0
IGHD1-14	IGHV3-49	430.0
IGHD1-14	IGHV3-52	34.0
IGHD1-14	IGHV3-53	1425.0
IGHD1-14	IGHV3-54	1.0
IGHD1-14	IGHV3-62	4.0
IGHD1-14	IGHV3-63	1.0
IGHD1-14	IGHV3-64	332.0
IGHD1-14	IGHV3-64D	125.0
IGHD1-14	IGHV3-66	1071.0
IGHD1-14	IGHV3-69-1	341.0
IGHD1-14	IGHV3-7	2994.0
IGHD1-14	IGHV3-71	129.0
IGHD1-14	IGHV3-72	339.0
IGHD1-14	IGHV3-73	241.0
IGHD1-14	IGHV3-74	1665.0
IGHD1-14	IGHV3-9	1238.0
IGHD1-14	IGHV3-NL1	9.0
IGHD1-14	IGHV3/OR15-7	2.0
IGHD1-14	IGHV3/OR16-10	6.0
IGHD1-14	IGHV3/OR16-12	9.0
IGHD1-14	IGHV3/OR16-13	5.0
IGHD1-14	IGHV3/OR16-14	1.0
IGHD1-14	IGHV3/OR16-15	2.0
IGHD1-14	IGHV3/OR16-16	2.0
IGHD1-14	IGHV3/OR16-6	0.0
IGHD1-14	IGHV3/OR16-8	10.0
IGHD1-14	IGHV3/OR16-9	7.0
IGHD1-14	IGHV4-28	73.0
IGHD1-14	IGHV4-30-2	674.0
IGHD1-14	IGHV4-30-4	715.0
IGHD1-14	IGHV4-31	1258.0
IGHD1-14	IGHV4-34	3958.0
IGHD1-14	IGHV4-38-2	864.0
IGHD1-14	IGHV4-39	3517.0
IGHD1-14	IGHV4-4	2079.0
IGHD1-14	IGHV4-55	106.0
IGHD1-14	IGHV4-59	5211.0
IGHD1-14	IGHV4-61	1289.0
IGHD1-14	IGHV4/OR15-8	59.0
IGHD1-14	IGHV5-10-1	721.0
IGHD1-14	IGHV5-51	2202.0
IGHD1-14	IGHV5-78	8.0
IGHD1-14	IGHV6-1	1470.0
IGHD1-14	IGHV7-34-1	168.0
IGHD1-14	IGHV7-4-1	577.0
IGHD1-14	IGHV7-40	3.0
IGHD1-14	IGHV7-81	234.0
IGHD1-20	IGHV1-18	2524.0
IGHD1-20	IGHV1-2	2748.0
IGHD1-20	IGHV1-24	547.0
IGHD1-20	IGHV1-3	1192.0
IGHD1-20	IGHV1-38-4	9.0
IGHD1-20	IGHV1-45	69.0
IGHD1-20	IGHV1-46	1130.0
IGHD1-20	IGHV1-58	221.0
IGHD1-20	IGHV1-68	39.0
IGHD1-20	IGHV1-69	2972.0
IGHD1-20	IGHV1-69-2	36.0
IGHD1-20	IGHV1-69D	16.0
IGHD1-20	IGHV1-8	1427.0
IGHD1-20	IGHV1/OR15-1	11.0
IGHD1-20	IGHV1/OR15-2	128.0
IGHD1-20	IGHV1/OR15-3	9.0
IGHD1-20	IGHV1/OR15-4	16.0
IGHD1-20	IGHV1/OR15-5	5.0
IGHD1-20	IGHV1/OR15-9	12.0
IGHD1-20	IGHV1/OR21-1	2.0
IGHD1-20	IGHV2-10	13.0
IGHD1-20	IGHV2-26	86.0
IGHD1-20	IGHV2-5	879.0
IGHD1-20	IGHV2-70	160.0
IGHD1-20	IGHV2-70D	0.0
IGHD1-20	IGHV2/OR16-5	0.0
IGHD1-20	IGHV3-11	1334.0
IGHD1-20	IGHV3-13	700.0
IGHD1-20	IGHV3-15	876.0
IGHD1-20	IGHV3-16	2.0
IGHD1-20	IGHV3-19	7.0
IGHD1-20	IGHV3-20	367.0
IGHD1-20	IGHV3-21	2438.0
IGHD1-20	IGHV3-22	315.0
IGHD1-20	IGHV3-23	4924.0
IGHD1-20	IGHV3-23D	31.0
IGHD1-20	IGHV3-25	17.0
IGHD1-20	IGHV3-29	0.0
IGHD1-20	IGHV3-30	3177.0
IGHD1-20	IGHV3-30-2	0.0
IGHD1-20	IGHV3-30-22	0.0
IGHD1-20	IGHV3-30-3	1086.0
IGHD1-20	IGHV3-30-33	0.0
IGHD1-20	IGHV3-30-5	101.0
IGHD1-20	IGHV3-30-52	0.0
IGHD1-20	IGHV3-32	0.0
IGHD1-20	IGHV3-33	1536.0
IGHD1-20	IGHV3-33-2	0.0
IGHD1-20	IGHV3-35	43.0
IGHD1-20	IGHV3-38	15.0
IGHD1-20	IGHV3-38-3	157.0
IGHD1-20	IGHV3-43	196.0
IGHD1-20	IGHV3-43D	54.0
IGHD1-20	IGHV3-47	19.0
IGHD1-20	IGHV3-48	1797.0
IGHD1-20	IGHV3-49	320.0
IGHD1-20	IGHV3-52	44.0
IGHD1-20	IGHV3-53	972.0
IGHD1-20	IGHV3-54	0.0
IGHD1-20	IGHV3-62	4.0
IGHD1-20	IGHV3-63	0.0
IGHD1-20	IGHV3-64	348.0
IGHD1-20	IGHV3-64D	126.0
IGHD1-20	IGHV3-66	1028.0
IGHD1-20	IGHV3-69-1	314.0
IGHD1-20	IGHV3-7	2427.0
IGHD1-20	IGHV3-71	92.0
IGHD1-20	IGHV3-72	208.0
IGHD1-20	IGHV3-73	179.0
IGHD1-20	IGHV3-74	1260.0
IGHD1-20	IGHV3-9	917.0
IGHD1-20	IGHV3-NL1	13.0
IGHD1-20	IGHV3/OR15-7	4.0
IGHD1-20	IGHV3/OR16-10	2.0
IGHD1-20	IGHV3/OR16-12	2.0
IGHD1-20	IGHV3/OR16-13	7.0
IGHD1-20	IGHV3/OR16-14	0.0
IGHD1-20	IGHV3/OR16-15	1.0
IGHD1-20	IGHV3/OR16-16	0.0
IGHD1-20	IGHV3/OR16-6	0.0
IGHD1-20	IGHV3/OR16-8	8.0
IGHD1-20	IGHV3/OR16-9	12.0
IGHD1-20	IGHV4-28	39.0
IGHD1-20	IGHV4-30-2	486.0
IGHD1-20	IGHV4-30-4	494.0
IGHD1-20	IGHV4-31	918.0
IGHD1-20	IGHV4-34	3475.0
IGHD1-20	IGHV4-38-2	660.0
IGHD1-20	IGHV4-39	2864.0
IGHD1-20	IGHV4-4	1564.0
IGHD1-20	IGHV4-55	68.0
IGHD1-20	IGHV4-59	3766.0
IGHD1-20	IGHV4-61	993.0
IGHD1-20	IGHV4/OR15-8	82.0
IGHD1-20	IGHV5-10-1	449.0
IGHD1-20	IGHV5-51	1921.0
IGHD1-20	IGHV5-78	3.0
IGHD1-20	IGHV6-1	2364.0
IGHD1-20	IGHV7-34-1	136.0
IGHD1-20	IGHV7-4-1	662.0
IGHD1-20	IGHV7-40	0.0
IGHD1-20	IGHV7-81	36.0
IGHD1-26	IGHV1-18	26987.0
IGHD1-26	IGHV1-2	24011.0
IGHD1-26	IGHV1-24	6082.0
IGHD1-26	IGHV1-3	9735.0
IGHD1-26	IGHV1-38-4	55.0
IGHD1-26	IGHV1-45	640.0
IGHD1-26	IGHV1-46	12305.0
IGHD1-26	IGHV1-58	2206.0
IGHD1-26	IGHV1-68	238.0
IGHD1-26	IGHV1-69	25088.0
IGHD1-26	IGHV1-69-2	284.0
IGHD1-26	IGHV1-69D	135.0
IGHD1-26	IGHV1-8	10982.0
IGHD1-26	IGHV1/OR15-1	40.0
IGHD1-26	IGHV1/OR15-2	728.0
IGHD1-26	IGHV1/OR15-3	47.0
IGHD1-26	IGHV1/OR15-4	146.0
IGHD1-26	IGHV1/OR15-5	23.0
IGHD1-26	IGHV1/OR15-9	130.0
IGHD1-26	IGHV1/OR21-1	23.0
IGHD1-26	IGHV2-10	116.0
IGHD1-26	IGHV2-26	637.0
IGHD1-26	IGHV2-5	4171.0
IGHD1-26	IGHV2-70	1669.0
IGHD1-26	IGHV2-70D	46.0
IGHD1-26	IGHV2/OR16-5	0.0
IGHD1-26	IGHV3-11	9523.0
IGHD1-26	IGHV3-13	4999.0
IGHD1-26	IGHV3-15	8390.0
IGHD1-26	IGHV3-16	13.0
IGHD1-26	IGHV3-19	54.0
IGHD1-26	IGHV3-20	3180.0
IGHD1-26	IGHV3-21	21953.0
IGHD1-26	IGHV3-22	2690.0
IGHD1-26	IGHV3-23	47748.0
IGHD1-26	IGHV3-23D	346.0
IGHD1-26	IGHV3-25	21.0
IGHD1-26	IGHV3-29	0.0
IGHD1-26	IGHV3-30	32402.0
IGHD1-26	IGHV3-30-2	0.0
IGHD1-26	IGHV3-30-22	2.0
IGHD1-26	IGHV3-30-3	11346.0
IGHD1-26	IGHV3-30-33	0.0
IGHD1-26	IGHV3-30-5	752.0
IGHD1-26	IGHV3-30-52	0.0
IGHD1-26	IGHV3-32	1.0
IGHD1-26	IGHV3-33	12450.0
IGHD1-26	IGHV3-33-2	0.0
IGHD1-26	IGHV3-35	149.0
IGHD1-26	IGHV3-38	192.0
IGHD1-26	IGHV3-38-3	1389.0
IGHD1-26	IGHV3-43	1692.0
IGHD1-26	IGHV3-43D	637.0
IGHD1-26	IGHV3-47	216.0
IGHD1-26	IGHV3-48	17402.0
IGHD1-26	IGHV3-49	2745.0
IGHD1-26	IGHV3-52	381.0
IGHD1-26	IGHV3-53	10003.0
IGHD1-26	IGHV3-54	5.0
IGHD1-26	IGHV3-62	18.0
IGHD1-26	IGHV3-63	2.0
IGHD1-26	IGHV3-64	3205.0
IGHD1-26	IGHV3-64D	1016.0
IGHD1-26	IGHV3-66	7476.0
IGHD1-26	IGHV3-69-1	2425.0
IGHD1-26	IGHV3-7	19616.0
IGHD1-26	IGHV3-71	779.0
IGHD1-26	IGHV3-72	2147.0
IGHD1-26	IGHV3-73	2244.0
IGHD1-26	IGHV3-74	11921.0
IGHD1-26	IGHV3-9	9388.0
IGHD1-26	IGHV3-NL1	80.0
IGHD1-26	IGHV3/OR15-7	3.0
IGHD1-26	IGHV3/OR16-10	35.0
IGHD1-26	IGHV3/OR16-12	15.0
IGHD1-26	IGHV3/OR16-13	44.0
IGHD1-26	IGHV3/OR16-14	9.0
IGHD1-26	IGHV3/OR16-15	17.0
IGHD1-26	IGHV3/OR16-16	3.0
IGHD1-26	IGHV3/OR16-6	0.0
IGHD1-26	IGHV3/OR16-8	42.0
IGHD1-26	IGHV3/OR16-9	35.0
IGHD1-26	IGHV4-28	448.0
IGHD1-26	IGHV4-30-2	4071.0
IGHD1-26	IGHV4-30-4	3590.0
IGHD1-26	IGHV4-31	5990.0
IGHD1-26	IGHV4-34	25000.0
IGHD1-26	IGHV4-38-2	6496.0
IGHD1-26	IGHV4-39	24888.0
IGHD1-26	IGHV4-4	15311.0
IGHD1-26	IGHV4-55	861.0
IGHD1-26	IGHV4-59	35280.0
IGHD1-26	IGHV4-61	9826.0
IGHD1-26	IGHV4/OR15-8	240.0
IGHD1-26	IGHV5-10-1	3067.0
IGHD1-26	IGHV5-51	15476.0
IGHD1-26	IGHV5-78	6.0
IGHD1-26	IGHV6-1	9524.0
IGHD1-26	IGHV7-34-1	1162.0
IGHD1-26	IGHV7-4-1	4184.0
IGHD1-26	IGHV7-40	2.0
IGHD1-26	IGHV7-81	134.0
IGHD1-7	IGHV1-18	5760.0
IGHD1-7	IGHV1-2	6355.0
IGHD1-7	IGHV1-24	1217.0
IGHD1-7	IGHV1-3	2436.0
IGHD1-7	IGHV1-38-4	20.0
IGHD1-7	IGHV1-45	163.0
IGHD1-7	IGHV1-46	2222.0
IGHD1-7	IGHV1-58	444.0
IGHD1-7	IGHV1-68	63.0
IGHD1-7	IGHV1-69	6463.0
IGHD1-7	IGHV1-69-2	80.0
IGHD1-7	IGHV1-69D	31.0
IGHD1-7	IGHV1-8	3195.0
IGHD1-7	IGHV1/OR15-1	21.0
IGHD1-7	IGHV1/OR15-2	293.0
IGHD1-7	IGHV1/OR15-3	9.0
IGHD1-7	IGHV1/OR15-4	64.0
IGHD1-7	IGHV1/OR15-5	16.0
IGHD1-7	IGHV1/OR15-9	40.0
IGHD1-7	IGHV1/OR21-1	4.0
IGHD1-7	IGHV2-10	30.0
IGHD1-7	IGHV2-26	233.0
IGHD1-7	IGHV2-5	1486.0
IGHD1-7	IGHV2-70	455.0
IGHD1-7	IGHV2-70D	12.0
IGHD1-7	IGHV2/OR16-5	1.0
IGHD1-7	IGHV3-11	2575.0
IGHD1-7	IGHV3-13	1519.0
IGHD1-7	IGHV3-15	2022.0
IGHD1-7	IGHV3-16	19.0
IGHD1-7	IGHV3-19	23.0
IGHD1-7	IGHV3-20	800.0
IGHD1-7	IGHV3-21	5306.0
IGHD1-7	IGHV3-22	758.0
IGHD1-7	IGHV3-23	11223.0
IGHD1-7	IGHV3-23D	84.0
IGHD1-7	IGHV3-25	10.0
IGHD1-7	IGHV3-29	0.0
IGHD1-7	IGHV3-30	7096.0
IGHD1-7	IGHV3-30-2	1.0
IGHD1-7	IGHV3-30-22	0.0
IGHD1-7	IGHV3-30-3	2380.0
IGHD1-7	IGHV3-30-33	1.0
IGHD1-7	IGHV3-30-5	266.0
IGHD1-7	IGHV3-30-52	0.0
IGHD1-7	IGHV3-32	0.0
IGHD1-7	IGHV3-33	3120.0
IGHD1-7	IGHV3-33-2	0.0
IGHD1-7	IGHV3-35	67.0
IGHD1-7	IGHV3-38	54.0
IGHD1-7	IGHV3-38-3	314.0
IGHD1-7	IGHV3-43	372.0
IGHD1-7	IGHV3-43D	137.0
IGHD1-7	IGHV3-47	33.0
IGHD1-7	IGHV3-48	3961.0
IGHD1-7	IGHV3-49	701.0
IGHD1-7	IGHV3-52	93.0
IGHD1-7	IGHV3-53	2116.0
IGHD1-7	IGHV3-54	2.0
IGHD1-7	IGHV3-62	3.0
IGHD1-7	IGHV3-63	1.0
IGHD1-7	IGHV3-64	680.0
IGHD1-7	IGHV3-64D	273.0
IGHD1-7	IGHV3-66	1752.0
IGHD1-7	IGHV3-69-1	545.0
IGHD1-7	IGHV3-7	4782.0
IGHD1-7	IGHV3-71	218.0
IGHD1-7	IGHV3-72	400.0
IGHD1-7	IGHV3-73	502.0
IGHD1-7	IGHV3-74	2744.0
IGHD1-7	IGHV3-9	2169.0
IGHD1-7	IGHV3-NL1	15.0
IGHD1-7	IGHV3/OR15-7	7.0
IGHD1-7	IGHV3/OR16-10	14.0
IGHD1-7	IGHV3/OR16-12	7.0
IGHD1-7	IGHV3/OR16-13	13.0
IGHD1-7	IGHV3/OR16-14	2.0
IGHD1-7	IGHV3/OR16-15	5.0
IGHD1-7	IGHV3/OR16-16	0.0
IGHD1-7	IGHV3/OR16-6	0.0
IGHD1-7	IGHV3/OR16-8	9.0
IGHD1-7	IGHV3/OR16-9	16.0
IGHD1-7	IGHV4-28	95.0
IGHD1-7	IGHV4-30-2	1173.0
IGHD1-7	IGHV4-30-4	1212.0
IGHD1-7	IGHV4-31	2178.0
IGHD1-7	IGHV4-34	7512.0
IGHD1-7	IGHV4-38-2	1315.0
IGHD1-7	IGHV4-39	5670.0
IGHD1-7	IGHV4-4	3647.0
IGHD1-7	IGHV4-55	253.0
IGHD1-7	IGHV4-59	8096.0
IGHD1-7	IGHV4-61	2081.0
IGHD1-7	IGHV4/OR15-8	64.0
IGHD1-7	IGHV5-10-1	812.0
IGHD1-7	IGHV5-51	3464.0
IGHD1-7	IGHV5-78	2.0
IGHD1-7	IGHV6-1	6914.0
IGHD1-7	IGHV7-34-1	161.0
IGHD1-7	IGHV7-4-1	1026.0
IGHD1-7	IGHV7-40	2.0
IGHD1-7	IGHV7-81	78.0
IGHD1/OR15-1a	IGHV1-18	1202.0
IGHD1/OR15-1a	IGHV1-2	1087.0
IGHD1/OR15-1a	IGHV1-24	191.0
IGHD1/OR15-1a	IGHV1-3	527.0
IGHD1/OR15-1a	IGHV1-38-4	3.0
IGHD1/OR15-1a	IGHV1-45	33.0
IGHD1/OR15-1a	IGHV1-46	499.0
IGHD1/OR15-1a	IGHV1-58	98.0
IGHD1/OR15-1a	IGHV1-68	8.0
IGHD1/OR15-1a	IGHV1-69	1100.0
IGHD1/OR15-1a	IGHV1-69-2	27.0
IGHD1/OR15-1a	IGHV1-69D	5.0
IGHD1/OR15-1a	IGHV1-8	588.0
IGHD1/OR15-1a	IGHV1/OR15-1	10.0
IGHD1/OR15-1a	IGHV1/OR15-2	44.0
IGHD1/OR15-1a	IGHV1/OR15-3	4.0
IGHD1/OR15-1a	IGHV1/OR15-4	11.0
IGHD1/OR15-1a	IGHV1/OR15-5	2.0
IGHD1/OR15-1a	IGHV1/OR15-9	10.0
IGHD1/OR15-1a	IGHV1/OR21-1	0.0
IGHD1/OR15-1a	IGHV2-10	3.0
IGHD1/OR15-1a	IGHV2-26	77.0
IGHD1/OR15-1a	IGHV2-5	355.0
IGHD1/OR15-1a	IGHV2-70	96.0
IGHD1/OR15-1a	IGHV2-70D	0.0
IGHD1/OR15-1a	IGHV2/OR16-5	0.0
IGHD1/OR15-1a	IGHV3-11	530.0
IGHD1/OR15-1a	IGHV3-13	387.0
IGHD1/OR15-1a	IGHV3-15	621.0
IGHD1/OR15-1a	IGHV3-16	7.0
IGHD1/OR15-1a	IGHV3-19	4.0
IGHD1/OR15-1a	IGHV3-20	132.0
IGHD1/OR15-1a	IGHV3-21	1102.0
IGHD1/OR15-1a	IGHV3-22	139.0
IGHD1/OR15-1a	IGHV3-23	2579.0
IGHD1/OR15-1a	IGHV3-23D	11.0
IGHD1/OR15-1a	IGHV3-25	0.0
IGHD1/OR15-1a	IGHV3-29	0.0
IGHD1/OR15-1a	IGHV3-30	1582.0
IGHD1/OR15-1a	IGHV3-30-2	1.0
IGHD1/OR15-1a	IGHV3-30-22	0.0
IGHD1/OR15-1a	IGHV3-30-3	544.0
IGHD1/OR15-1a	IGHV3-30-33	0.0
IGHD1/OR15-1a	IGHV3-30-5	37.0
IGHD1/OR15-1a	IGHV3-30-52	0.0
IGHD1/OR15-1a	IGHV3-32	0.0
IGHD1/OR15-1a	IGHV3-33	678.0
IGHD1/OR15-1a	IGHV3-33-2	0.0
IGHD1/OR15-1a	IGHV3-35	20.0
IGHD1/OR15-1a	IGHV3-38	23.0
IGHD1/OR15-1a	IGHV3-38-3	71.0
IGHD1/OR15-1a	IGHV3-43	106.0
IGHD1/OR15-1a	IGHV3-43D	30.0
IGHD1/OR15-1a	IGHV3-47	7.0
IGHD1/OR15-1a	IGHV3-48	825.0
IGHD1/OR15-1a	IGHV3-49	202.0
IGHD1/OR15-1a	IGHV3-52	10.0
IGHD1/OR15-1a	IGHV3-53	590.0
IGHD1/OR15-1a	IGHV3-54	1.0
IGHD1/OR15-1a	IGHV3-62	0.0
IGHD1/OR15-1a	IGHV3-63	0.0
IGHD1/OR15-1a	IGHV3-64	138.0
IGHD1/OR15-1a	IGHV3-64D	57.0
IGHD1/OR15-1a	IGHV3-66	356.0
IGHD1/OR15-1a	IGHV3-69-1	150.0
IGHD1/OR15-1a	IGHV3-7	1210.0
IGHD1/OR15-1a	IGHV3-71	48.0
IGHD1/OR15-1a	IGHV3-72	91.0
IGHD1/OR15-1a	IGHV3-73	86.0
IGHD1/OR15-1a	IGHV3-74	712.0
IGHD1/OR15-1a	IGHV3-9	512.0
IGHD1/OR15-1a	IGHV3-NL1	7.0
IGHD1/OR15-1a	IGHV3/OR15-7	1.0
IGHD1/OR15-1a	IGHV3/OR16-10	4.0
IGHD1/OR15-1a	IGHV3/OR16-12	1.0
IGHD1/OR15-1a	IGHV3/OR16-13	2.0
IGHD1/OR15-1a	IGHV3/OR16-14	3.0
IGHD1/OR15-1a	IGHV3/OR16-15	2.0
IGHD1/OR15-1a	IGHV3/OR16-16	0.0
IGHD1/OR15-1a	IGHV3/OR16-6	0.0
IGHD1/OR15-1a	IGHV3/OR16-8	3.0
IGHD1/OR15-1a	IGHV3/OR16-9	6.0
IGHD1/OR15-1a	IGHV4-28	26.0
IGHD1/OR15-1a	IGHV4-30-2	279.0
IGHD1/OR15-1a	IGHV4-30-4	221.0
IGHD1/OR15-1a	IGHV4-31	514.0
IGHD1/OR15-1a	IGHV4-34	1639.0
IGHD1/OR15-1a	IGHV4-38-2	339.0
IGHD1/OR15-1a	IGHV4-39	1468.0
IGHD1/OR15-1a	IGHV4-4	919.0
IGHD1/OR15-1a	IGHV4-55	60.0
IGHD1/OR15-1a	IGHV4-59	1922.0
IGHD1/OR15-1a	IGHV4-61	477.0
IGHD1/OR15-1a	IGHV4/OR15-8	24.0
IGHD1/OR15-1a	IGHV5-10-1	218.0
IGHD1/OR15-1a	IGHV5-51	778.0
IGHD1/OR15-1a	IGHV5-78	0.0
IGHD1/OR15-1a	IGHV6-1	795.0
IGHD1/OR15-1a	IGHV7-34-1	29.0
IGHD1/OR15-1a	IGHV7-4-1	236.0
IGHD1/OR15-1a	IGHV7-40	0.0
IGHD1/OR15-1a	IGHV7-81	18.0
IGHD1/OR15-1b	IGHV1-18	98.0
IGHD1/OR15-1b	IGHV1-2	88.0
IGHD1/OR15-1b	IGHV1-24	17.0
IGHD1/OR15-1b	IGHV1-3	72.0
IGHD1/OR15-1b	IGHV1-38-4	0.0
IGHD1/OR15-1b	IGHV1-45	2.0
IGHD1/OR15-1b	IGHV1-46	47.0
IGHD1/OR15-1b	IGHV1-58	7.0
IGHD1/OR15-1b	IGHV1-68	1.0
IGHD1/OR15-1b	IGHV1-69	106.0
IGHD1/OR15-1b	IGHV1-69-2	0.0
IGHD1/OR15-1b	IGHV1-69D	1.0
IGHD1/OR15-1b	IGHV1-8	40.0
IGHD1/OR15-1b	IGHV1/OR15-1	3.0
IGHD1/OR15-1b	IGHV1/OR15-2	7.0
IGHD1/OR15-1b	IGHV1/OR15-3	0.0
IGHD1/OR15-1b	IGHV1/OR15-4	0.0
IGHD1/OR15-1b	IGHV1/OR15-5	0.0
IGHD1/OR15-1b	IGHV1/OR15-9	0.0
IGHD1/OR15-1b	IGHV1/OR21-1	0.0
IGHD1/OR15-1b	IGHV2-10	0.0
IGHD1/OR15-1b	IGHV2-26	6.0
IGHD1/OR15-1b	IGHV2-5	29.0
IGHD1/OR15-1b	IGHV2-70	6.0
IGHD1/OR15-1b	IGHV2-70D	0.0
IGHD1/OR15-1b	IGHV2/OR16-5	0.0
IGHD1/OR15-1b	IGHV3-11	39.0
IGHD1/OR15-1b	IGHV3-13	22.0
IGHD1/OR15-1b	IGHV3-15	25.0
IGHD1/OR15-1b	IGHV3-16	0.0
IGHD1/OR15-1b	IGHV3-19	2.0
IGHD1/OR15-1b	IGHV3-20	12.0
IGHD1/OR15-1b	IGHV3-21	90.0
IGHD1/OR15-1b	IGHV3-22	10.0
IGHD1/OR15-1b	IGHV3-23	242.0
IGHD1/OR15-1b	IGHV3-23D	1.0
IGHD1/OR15-1b	IGHV3-25	0.0
IGHD1/OR15-1b	IGHV3-29	0.0
IGHD1/OR15-1b	IGHV3-30	131.0
IGHD1/OR15-1b	IGHV3-30-2	0.0
IGHD1/OR15-1b	IGHV3-30-22	0.0
IGHD1/OR15-1b	IGHV3-30-3	43.0
IGHD1/OR15-1b	IGHV3-30-33	0.0
IGHD1/OR15-1b	IGHV3-30-5	4.0
IGHD1/OR15-1b	IGHV3-30-52	0.0
IGHD1/OR15-1b	IGHV3-32	0.0
IGHD1/OR15-1b	IGHV3-33	55.0
IGHD1/OR15-1b	IGHV3-33-2	0.0
IGHD1/OR15-1b	IGHV3-35	1.0
IGHD1/OR15-1b	IGHV3-38	0.0
IGHD1/OR15-1b	IGHV3-38-3	5.0
IGHD1/OR15-1b	IGHV3-43	11.0
IGHD1/OR15-1b	IGHV3-43D	4.0
IGHD1/OR15-1b	IGHV3-47	2.0
IGHD1/OR15-1b	IGHV3-48	69.0
IGHD1/OR15-1b	IGHV3-49	14.0
IGHD1/OR15-1b	IGHV3-52	1.0
IGHD1/OR15-1b	IGHV3-53	44.0
IGHD1/OR15-1b	IGHV3-54	0.0
IGHD1/OR15-1b	IGHV3-62	0.0
IGHD1/OR15-1b	IGHV3-63	0.0
IGHD1/OR15-1b	IGHV3-64	15.0
IGHD1/OR15-1b	IGHV3-64D	9.0
IGHD1/OR15-1b	IGHV3-66	42.0
IGHD1/OR15-1b	IGHV3-69-1	9.0
IGHD1/OR15-1b	IGHV3-7	124.0
IGHD1/OR15-1b	IGHV3-71	1.0
IGHD1/OR15-1b	IGHV3-72	9.0
IGHD1/OR15-1b	IGHV3-73	8.0
IGHD1/OR15-1b	IGHV3-74	67.0
IGHD1/OR15-1b	IGHV3-9	48.0
IGHD1/OR15-1b	IGHV3-NL1	0.0
IGHD1/OR15-1b	IGHV3/OR15-7	1.0
IGHD1/OR15-1b	IGHV3/OR16-10	0.0
IGHD1/OR15-1b	IGHV3/OR16-12	0.0
IGHD1/OR15-1b	IGHV3/OR16-13	0.0
IGHD1/OR15-1b	IGHV3/OR16-14	1.0
IGHD1/OR15-1b	IGHV3/OR16-15	0.0
IGHD1/OR15-1b	IGHV3/OR16-16	0.0
IGHD1/OR15-1b	IGHV3/OR16-6	0.0
IGHD1/OR15-1b	IGHV3/OR16-8	1.0
IGHD1/OR15-1b	IGHV3/OR16-9	1.0
IGHD1/OR15-1b	IGHV4-28	6.0
IGHD1/OR15-1b	IGHV4-30-2	17.0
IGHD1/OR15-1b	IGHV4-30-4	36.0
IGHD1/OR15-1b	IGHV4-31	54.0
IGHD1/OR15-1b	IGHV4-34	156.0
IGHD1/OR15-1b	IGHV4-38-2	39.0
IGHD1/OR15-1b	IGHV4-39	107.0
IGHD1/OR15-1b	IGHV4-4	69.0
IGHD1/OR15-1b	IGHV4-55	1.0
IGHD1/OR15-1b	IGHV4-59	167.0
IGHD1/OR15-1b	IGHV4-61	39.0
IGHD1/OR15-1b	IGHV4/OR15-8	6.0
IGHD1/OR15-1b	IGHV5-10-1	27.0
IGHD1/OR15-1b	IGHV5-51	67.0
IGHD1/OR15-1b	IGHV5-78	0.0
IGHD1/OR15-1b	IGHV6-1	68.0
IGHD1/OR15-1b	IGHV7-34-1	3.0
IGHD1/OR15-1b	IGHV7-4-1	20.0
IGHD1/OR15-1b	IGHV7-40	0.0
IGHD1/OR15-1b	IGHV7-81	0.0
IGHD2-15	IGHV1-18	39295.0
IGHD2-15	IGHV1-2	43280.0
IGHD2-15	IGHV1-24	6187.0
IGHD2-15	IGHV1-3	21937.0
IGHD2-15	IGHV1-38-4	100.0
IGHD2-15	IGHV1-45	1555.0
IGHD2-15	IGHV1-46	17280.0
IGHD2-15	IGHV1-58	3693.0
IGHD2-15	IGHV1-68	579.0
IGHD2-15	IGHV1-69	44924.0
IGHD2-15	IGHV1-69-2	357.0
IGHD2-15	IGHV1-69D	214.0
IGHD2-15	IGHV1-8	26310.0
IGHD2-15	IGHV1/OR15-1	111.0
IGHD2-15	IGHV1/OR15-2	3386.0
IGHD2-15	IGHV1/OR15-3	93.0
IGHD2-15	IGHV1/OR15-4	559.0
IGHD2-15	IGHV1/OR15-5	114.0
IGHD2-15	IGHV1/OR15-9	364.0
IGHD2-15	IGHV1/OR21-1	40.0
IGHD2-15	IGHV2-10	297.0
IGHD2-15	IGHV2-26	1458.0
IGHD2-15	IGHV2-5	11829.0
IGHD2-15	IGHV2-70	3029.0
IGHD2-15	IGHV2-70D	81.0
IGHD2-15	IGHV2/OR16-5	2.0
IGHD2-15	IGHV3-11	18471.0
IGHD2-15	IGHV3-13	16998.0
IGHD2-15	IGHV3-15	12825.0
IGHD2-15	IGHV3-16	145.0
IGHD2-15	IGHV3-19	354.0
IGHD2-15	IGHV3-20	5466.0
IGHD2-15	IGHV3-21	38627.0
IGHD2-15	IGHV3-22	9727.0
IGHD2-15	IGHV3-23	80461.0
IGHD2-15	IGHV3-23D	549.0
IGHD2-15	IGHV3-25	93.0
IGHD2-15	IGHV3-29	2.0
IGHD2-15	IGHV3-30	53284.0
IGHD2-15	IGHV3-30-2	1.0
IGHD2-15	IGHV3-30-22	4.0
IGHD2-15	IGHV3-30-3	17821.0
IGHD2-15	IGHV3-30-33	3.0
IGHD2-15	IGHV3-30-5	2818.0
IGHD2-15	IGHV3-30-52	0.0
IGHD2-15	IGHV3-32	1.0
IGHD2-15	IGHV3-33	28077.0
IGHD2-15	IGHV3-33-2	1.0
IGHD2-15	IGHV3-35	1293.0
IGHD2-15	IGHV3-38	304.0
IGHD2-15	IGHV3-38-3	2655.0
IGHD2-15	IGHV3-43	3510.0
IGHD2-15	IGHV3-43D	894.0
IGHD2-15	IGHV3-47	458.0
IGHD2-15	IGHV3-48	25066.0
IGHD2-15	IGHV3-49	6316.0
IGHD2-15	IGHV3-52	1593.0
IGHD2-15	IGHV3-53	18212.0
IGHD2-15	IGHV3-54	9.0
IGHD2-15	IGHV3-62	30.0
IGHD2-15	IGHV3-63	3.0
IGHD2-15	IGHV3-64	7914.0
IGHD2-15	IGHV3-64D	2056.0
IGHD2-15	IGHV3-66	16287.0
IGHD2-15	IGHV3-69-1	4270.0
IGHD2-15	IGHV3-7	36051.0
IGHD2-15	IGHV3-71	3150.0
IGHD2-15	IGHV3-72	2050.0
IGHD2-15	IGHV3-73	3910.0
IGHD2-15	IGHV3-74	17351.0
IGHD2-15	IGHV3-9	18250.0
IGHD2-15	IGHV3-NL1	124.0
IGHD2-15	IGHV3/OR15-7	68.0
IGHD2-15	IGHV3/OR16-10	75.0
IGHD2-15	IGHV3/OR16-12	37.0
IGHD2-15	IGHV3/OR16-13	99.0
IGHD2-15	IGHV3/OR16-14	30.0
IGHD2-15	IGHV3/OR16-15	43.0
IGHD2-15	IGHV3/OR16-16	11.0
IGHD2-15	IGHV3/OR16-6	1.0
IGHD2-15	IGHV3/OR16-8	51.0
IGHD2-15	IGHV3/OR16-9	71.0
IGHD2-15	IGHV4-28	754.0
IGHD2-15	IGHV4-30-2	10014.0
IGHD2-15	IGHV4-30-4	8935.0
IGHD2-15	IGHV4-31	21460.0
IGHD2-15	IGHV4-34	67214.0
IGHD2-15	IGHV4-38-2	8008.0
IGHD2-15	IGHV4-39	42134.0
IGHD2-15	IGHV4-4	27135.0
IGHD2-15	IGHV4-55	2998.0
IGHD2-15	IGHV4-59	65541.0
IGHD2-15	IGHV4-61	14583.0
IGHD2-15	IGHV4/OR15-8	581.0
IGHD2-15	IGHV5-10-1	5111.0
IGHD2-15	IGHV5-51	23426.0
IGHD2-15	IGHV5-78	5.0
IGHD2-15	IGHV6-1	17740.0
IGHD2-15	IGHV7-34-1	978.0
IGHD2-15	IGHV7-4-1	13421.0
IGHD2-15	IGHV7-40	13.0
IGHD2-15	IGHV7-81	2137.0
IGHD2-2	IGHV1-18	57042.0
IGHD2-2	IGHV1-2	69392.0
IGHD2-2	IGHV1-24	9412.0
IGHD2-2	IGHV1-3	34284.0
IGHD2-2	IGHV1-38-4	211.0
IGHD2-2	IGHV1-45	2260.0
IGHD2-2	IGHV1-46	23717.0
IGHD2-2	IGHV1-58	4508.0
IGHD2-2	IGHV1-68	966.0
IGHD2-2	IGHV1-69	69266.0
IGHD2-2	IGHV1-69-2	606.0
IGHD2-2	IGHV1-69D	294.0
IGHD2-2	IGHV1-8	44807.0
IGHD2-2	IGHV1/OR15-1	129.0
IGHD2-2	IGHV1/OR15-2	5801.0
IGHD2-2	IGHV1/OR15-3	154.0
IGHD2-2	IGHV1/OR15-4	1066.0
IGHD2-2	IGHV1/OR15-5	95.0
IGHD2-2	IGHV1/OR15-9	650.0
IGHD2-2	IGHV1/OR21-1	41.0
IGHD2-2	IGHV2-10	412.0
IGHD2-2	IGHV2-26	2215.0
IGHD2-2	IGHV2-5	14867.0
IGHD2-2	IGHV2-70	3632.0
IGHD2-2	IGHV2-70D	146.0
IGHD2-2	IGHV2/OR16-5	2.0
IGHD2-2	IGHV3-11	24320.0
IGHD2-2	IGHV3-13	24425.0
IGHD2-2	IGHV3-15	16362.0
IGHD2-2	IGHV3-16	34.0
IGHD2-2	IGHV3-19	647.0
IGHD2-2	IGHV3-20	8498.0
IGHD2-2	IGHV3-21	55562.0
IGHD2-2	IGHV3-22	14492.0
IGHD2-2	IGHV3-23	102801.0
IGHD2-2	IGHV3-23D	715.0
IGHD2-2	IGHV3-25	98.0
IGHD2-2	IGHV3-29	3.0
IGHD2-2	IGHV3-30	71975.0
IGHD2-2	IGHV3-30-2	1.0
IGHD2-2	IGHV3-30-22	3.0
IGHD2-2	IGHV3-30-3	26995.0
IGHD2-2	IGHV3-30-33	1.0
IGHD2-2	IGHV3-30-5	3264.0
IGHD2-2	IGHV3-30-52	0.0
IGHD2-2	IGHV3-32	0.0
IGHD2-2	IGHV3-33	33650.0
IGHD2-2	IGHV3-33-2	1.0
IGHD2-2	IGHV3-35	1594.0
IGHD2-2	IGHV3-38	355.0
IGHD2-2	IGHV3-38-3	3227.0
IGHD2-2	IGHV3-43	4083.0
IGHD2-2	IGHV3-43D	1332.0
IGHD2-2	IGHV3-47	822.0
IGHD2-2	IGHV3-48	32245.0
IGHD2-2	IGHV3-49	7741.0
IGHD2-2	IGHV3-52	2265.0
IGHD2-2	IGHV3-53	21787.0
IGHD2-2	IGHV3-54	10.0
IGHD2-2	IGHV3-62	31.0
IGHD2-2	IGHV3-63	9.0
IGHD2-2	IGHV3-64	8777.0
IGHD2-2	IGHV3-64D	2342.0
IGHD2-2	IGHV3-66	18481.0
IGHD2-2	IGHV3-69-1	6757.0
IGHD2-2	IGHV3-7	49982.0
IGHD2-2	IGHV3-71	3655.0
IGHD2-2	IGHV3-72	2259.0
IGHD2-2	IGHV3-73	4428.0
IGHD2-2	IGHV3-74	21045.0
IGHD2-2	IGHV3-9	28419.0
IGHD2-2	IGHV3-NL1	223.0
IGHD2-2	IGHV3/OR15-7	32.0
IGHD2-2	IGHV3/OR16-10	77.0
IGHD2-2	IGHV3/OR16-12	31.0
IGHD2-2	IGHV3/OR16-13	120.0
IGHD2-2	IGHV3/OR16-14	24.0
IGHD2-2	IGHV3/OR16-15	60.0
IGHD2-2	IGHV3/OR16-16	23.0
IGHD2-2	IGHV3/OR16-6	1.0
IGHD2-2	IGHV3/OR16-8	84.0
IGHD2-2	IGHV3/OR16-9	103.0
IGHD2-2	IGHV4-28	1069.0
IGHD2-2	IGHV4-30-2	15546.0
IGHD2-2	IGHV4-30-4	12327.0
IGHD2-2	IGHV4-31	26137.0
IGHD2-2	IGHV4-34	97248.0
IGHD2-2	IGHV4-38-2	10443.0
IGHD2-2	IGHV4-39	54070.0
IGHD2-2	IGHV4-4	42587.0
IGHD2-2	IGHV4-55	3163.0
IGHD2-2	IGHV4-59	82023.0
IGHD2-2	IGHV4-61	20610.0
IGHD2-2	IGHV4/OR15-8	560.0
IGHD2-2	IGHV5-10-1	6880.0
IGHD2-2	IGHV5-51	28397.0
IGHD2-2	IGHV5-78	8.0
IGHD2-2	IGHV6-1	45302.0
IGHD2-2	IGHV7-34-1	1072.0
IGHD2-2	IGHV7-4-1	18939.0
IGHD2-2	IGHV7-40	18.0
IGHD2-2	IGHV7-81	2521.0
IGHD2-21	IGHV1-18	17669.0
IGHD2-21	IGHV1-2	17944.0
IGHD2-21	IGHV1-24	2922.0
IGHD2-21	IGHV1-3	9815.0
IGHD2-21	IGHV1-38-4	106.0
IGHD2-21	IGHV1-45	711.0
IGHD2-21	IGHV1-46	9862.0
IGHD2-21	IGHV1-58	1863.0
IGHD2-21	IGHV1-68	284.0
IGHD2-21	IGHV1-69	22991.0
IGHD2-21	IGHV1-69-2	231.0
IGHD2-21	IGHV1-69D	113.0
IGHD2-21	IGHV1-8	10211.0
IGHD2-21	IGHV1/OR15-1	72.0
IGHD2-21	IGHV1/OR15-2	1046.0
IGHD2-21	IGHV1/OR15-3	66.0
IGHD2-21	IGHV1/OR15-4	229.0
IGHD2-21	IGHV1/OR15-5	32.0
IGHD2-21	IGHV1/OR15-9	200.0
IGHD2-21	IGHV1/OR21-1	33.0
IGHD2-21	IGHV2-10	146.0
IGHD2-21	IGHV2-26	981.0
IGHD2-21	IGHV2-5	5880.0
IGHD2-21	IGHV2-70	1513.0
IGHD2-21	IGHV2-70D	36.0
IGHD2-21	IGHV2/OR16-5	4.0
IGHD2-21	IGHV3-11	9415.0
IGHD2-21	IGHV3-13	7147.0
IGHD2-21	IGHV3-15	6219.0
IGHD2-21	IGHV3-16	34.0
IGHD2-21	IGHV3-19	124.0
IGHD2-21	IGHV3-20	2615.0
IGHD2-21	IGHV3-21	17249.0
IGHD2-21	IGHV3-22	3398.0
IGHD2-21	IGHV3-23	36633.0
IGHD2-21	IGHV3-23D	284.0
IGHD2-21	IGHV3-25	50.0
IGHD2-21	IGHV3-29	0.0
IGHD2-21	IGHV3-30	27557.0
IGHD2-21	IGHV3-30-2	27.0
IGHD2-21	IGHV3-30-22	0.0
IGHD2-21	IGHV3-30-3	9024.0
IGHD2-21	IGHV3-30-33	4.0
IGHD2-21	IGHV3-30-5	838.0
IGHD2-21	IGHV3-30-52	0.0
IGHD2-21	IGHV3-32	2.0
IGHD2-21	IGHV3-33	12867.0
IGHD2-21	IGHV3-33-2	3.0
IGHD2-21	IGHV3-35	531.0
IGHD2-21	IGHV3-38	222.0
IGHD2-21	IGHV3-38-3	1838.0
IGHD2-21	IGHV3-43	1564.0
IGHD2-21	IGHV3-43D	476.0
IGHD2-21	IGHV3-47	260.0
IGHD2-21	IGHV3-48	13192.0
IGHD2-21	IGHV3-49	3390.0
IGHD2-21	IGHV3-52	829.0
IGHD2-21	IGHV3-53	9798.0
IGHD2-21	IGHV3-54	27.0
IGHD2-21	IGHV3-62	13.0
IGHD2-21	IGHV3-63	1.0
IGHD2-21	IGHV3-64	3152.0
IGHD2-21	IGHV3-64D	1038.0
IGHD2-21	IGHV3-66	7892.0
IGHD2-21	IGHV3-69-1	2327.0
IGHD2-21	IGHV3-7	17286.0
IGHD2-21	IGHV3-71	1398.0
IGHD2-21	IGHV3-72	1397.0
IGHD2-21	IGHV3-73	1974.0
IGHD2-21	IGHV3-74	8921.0
IGHD2-21	IGHV3-9	8193.0
IGHD2-21	IGHV3-NL1	85.0
IGHD2-21	IGHV3/OR15-7	18.0
IGHD2-21	IGHV3/OR16-10	73.0
IGHD2-21	IGHV3/OR16-12	24.0
IGHD2-21	IGHV3/OR16-13	47.0
IGHD2-21	IGHV3/OR16-14	4.0
IGHD2-21	IGHV3/OR16-15	22.0
IGHD2-21	IGHV3/OR16-16	4.0
IGHD2-21	IGHV3/OR16-6	2.0
IGHD2-21	IGHV3/OR16-8	75.0
IGHD2-21	IGHV3/OR16-9	61.0
IGHD2-21	IGHV4-28	451.0
IGHD2-21	IGHV4-30-2	5635.0
IGHD2-21	IGHV4-30-4	4959.0
IGHD2-21	IGHV4-31	9268.0
IGHD2-21	IGHV4-34	28929.0
IGHD2-21	IGHV4-38-2	4374.0
IGHD2-21	IGHV4-39	20897.0
IGHD2-21	IGHV4-4	12786.0
IGHD2-21	IGHV4-55	1167.0
IGHD2-21	IGHV4-59	31422.0
IGHD2-21	IGHV4-61	8068.0
IGHD2-21	IGHV4/OR15-8	312.0
IGHD2-21	IGHV5-10-1	2595.0
IGHD2-21	IGHV5-51	12082.0
IGHD2-21	IGHV5-78	18.0
IGHD2-21	IGHV6-1	8381.0
IGHD2-21	IGHV7-34-1	1206.0
IGHD2-21	IGHV7-4-1	5382.0
IGHD2-21	IGHV7-40	12.0
IGHD2-21	IGHV7-81	1104.0
IGHD2-8	IGHV1-18	11006.0
IGHD2-8	IGHV1-2	13010.0
IGHD2-8	IGHV1-24	1881.0
IGHD2-8	IGHV1-3	6981.0
IGHD2-8	IGHV1-38-4	34.0
IGHD2-8	IGHV1-45	453.0
IGHD2-8	IGHV1-46	4834.0
IGHD2-8	IGHV1-58	898.0
IGHD2-8	IGHV1-68	164.0
IGHD2-8	IGHV1-69	11220.0
IGHD2-8	IGHV1-69-2	139.0
IGHD2-8	IGHV1-69D	52.0
IGHD2-8	IGHV1-8	7952.0
IGHD2-8	IGHV1/OR15-1	43.0
IGHD2-8	IGHV1/OR15-2	1120.0
IGHD2-8	IGHV1/OR15-3	38.0
IGHD2-8	IGHV1/OR15-4	215.0
IGHD2-8	IGHV1/OR15-5	27.0
IGHD2-8	IGHV1/OR15-9	125.0
IGHD2-8	IGHV1/OR21-1	10.0
IGHD2-8	IGHV2-10	75.0
IGHD2-8	IGHV2-26	438.0
IGHD2-8	IGHV2-5	3606.0
IGHD2-8	IGHV2-70	797.0
IGHD2-8	IGHV2-70D	15.0
IGHD2-8	IGHV2/OR16-5	4.0
IGHD2-8	IGHV3-11	4957.0
IGHD2-8	IGHV3-13	5196.0
IGHD2-8	IGHV3-15	4108.0
IGHD2-8	IGHV3-16	15.0
IGHD2-8	IGHV3-19	109.0
IGHD2-8	IGHV3-20	1577.0
IGHD2-8	IGHV3-21	9881.0
IGHD2-8	IGHV3-22	2583.0
IGHD2-8	IGHV3-23	23219.0
IGHD2-8	IGHV3-23D	156.0
IGHD2-8	IGHV3-25	22.0
IGHD2-8	IGHV3-29	2.0
IGHD2-8	IGHV3-30	15456.0
IGHD2-8	IGHV3-30-2	2.0
IGHD2-8	IGHV3-30-22	2.0
IGHD2-8	IGHV3-30-3	5136.0
IGHD2-8	IGHV3-30-33	0.0
IGHD2-8	IGHV3-30-5	782.0
IGHD2-8	IGHV3-30-52	0.0
IGHD2-8	IGHV3-32	2.0
IGHD2-8	IGHV3-33	7943.0
IGHD2-8	IGHV3-33-2	0.0
IGHD2-8	IGHV3-35	318.0
IGHD2-8	IGHV3-38	95.0
IGHD2-8	IGHV3-38-3	794.0
IGHD2-8	IGHV3-43	931.0
IGHD2-8	IGHV3-43D	275.0
IGHD2-8	IGHV3-47	173.0
IGHD2-8	IGHV3-48	7033.0
IGHD2-8	IGHV3-49	1642.0
IGHD2-8	IGHV3-52	310.0
IGHD2-8	IGHV3-53	5263.0
IGHD2-8	IGHV3-54	2.0
IGHD2-8	IGHV3-62	15.0
IGHD2-8	IGHV3-63	3.0
IGHD2-8	IGHV3-64	1665.0
IGHD2-8	IGHV3-64D	542.0
IGHD2-8	IGHV3-66	4186.0
IGHD2-8	IGHV3-69-1	1257.0
IGHD2-8	IGHV3-7	11375.0
IGHD2-8	IGHV3-71	916.0
IGHD2-8	IGHV3-72	605.0
IGHD2-8	IGHV3-73	1014.0
IGHD2-8	IGHV3-74	5212.0
IGHD2-8	IGHV3-9	5381.0
IGHD2-8	IGHV3-NL1	72.0
IGHD2-8	IGHV3/OR15-7	38.0
IGHD2-8	IGHV3/OR16-10	23.0
IGHD2-8	IGHV3/OR16-12	10.0
IGHD2-8	IGHV3/OR16-13	32.0
IGHD2-8	IGHV3/OR16-14	10.0
IGHD2-8	IGHV3/OR16-15	12.0
IGHD2-8	IGHV3/OR16-16	1.0
IGHD2-8	IGHV3/OR16-6	0.0
IGHD2-8	IGHV3/OR16-8	37.0
IGHD2-8	IGHV3/OR16-9	25.0
IGHD2-8	IGHV4-28	269.0
IGHD2-8	IGHV4-30-2	2570.0
IGHD2-8	IGHV4-30-4	2377.0
IGHD2-8	IGHV4-31	5283.0
IGHD2-8	IGHV4-34	18422.0
IGHD2-8	IGHV4-38-2	2167.0
IGHD2-8	IGHV4-39	11252.0
IGHD2-8	IGHV4-4	7794.0
IGHD2-8	IGHV4-55	710.0
IGHD2-8	IGHV4-59	15587.0
IGHD2-8	IGHV4-61	3681.0
IGHD2-8	IGHV4/OR15-8	180.0
IGHD2-8	IGHV5-10-1	1466.0
IGHD2-8	IGHV5-51	6349.0
IGHD2-8	IGHV5-78	4.0
IGHD2-8	IGHV6-1	7612.0
IGHD2-8	IGHV7-34-1	1095.0
IGHD2-8	IGHV7-4-1	4227.0
IGHD2-8	IGHV7-40	13.0
IGHD2-8	IGHV7-81	942.0
IGHD2/OR15-2a	IGHV1-18	3868.0
IGHD2/OR15-2a	IGHV1-2	3967.0
IGHD2/OR15-2a	IGHV1-24	709.0
IGHD2/OR15-2a	IGHV1-3	1736.0
IGHD2/OR15-2a	IGHV1-38-4	23.0
IGHD2/OR15-2a	IGHV1-45	126.0
IGHD2/OR15-2a	IGHV1-46	1612.0
IGHD2/OR15-2a	IGHV1-58	330.0
IGHD2/OR15-2a	IGHV1-68	55.0
IGHD2/OR15-2a	IGHV1-69	3666.0
IGHD2/OR15-2a	IGHV1-69-2	74.0
IGHD2/OR15-2a	IGHV1-69D	18.0
IGHD2/OR15-2a	IGHV1-8	2140.0
IGHD2/OR15-2a	IGHV1/OR15-1	40.0
IGHD2/OR15-2a	IGHV1/OR15-2	177.0
IGHD2/OR15-2a	IGHV1/OR15-3	13.0
IGHD2/OR15-2a	IGHV1/OR15-4	47.0
IGHD2/OR15-2a	IGHV1/OR15-5	11.0
IGHD2/OR15-2a	IGHV1/OR15-9	54.0
IGHD2/OR15-2a	IGHV1/OR21-1	10.0
IGHD2/OR15-2a	IGHV2-10	28.0
IGHD2/OR15-2a	IGHV2-26	285.0
IGHD2/OR15-2a	IGHV2-5	1421.0
IGHD2/OR15-2a	IGHV2-70	303.0
IGHD2/OR15-2a	IGHV2-70D	5.0
IGHD2/OR15-2a	IGHV2/OR16-5	1.0
IGHD2/OR15-2a	IGHV3-11	1986.0
IGHD2/OR15-2a	IGHV3-13	1585.0
IGHD2/OR15-2a	IGHV3-15	1769.0
IGHD2/OR15-2a	IGHV3-16	2.0
IGHD2/OR15-2a	IGHV3-19	31.0
IGHD2/OR15-2a	IGHV3-20	567.0
IGHD2/OR15-2a	IGHV3-21	3984.0
IGHD2/OR15-2a	IGHV3-22	536.0
IGHD2/OR15-2a	IGHV3-23	8844.0
IGHD2/OR15-2a	IGHV3-23D	49.0
IGHD2/OR15-2a	IGHV3-25	15.0
IGHD2/OR15-2a	IGHV3-29	1.0
IGHD2/OR15-2a	IGHV3-30	5836.0
IGHD2/OR15-2a	IGHV3-30-2	0.0
IGHD2/OR15-2a	IGHV3-30-22	1.0
IGHD2/OR15-2a	IGHV3-30-3	1730.0
IGHD2/OR15-2a	IGHV3-30-33	1.0
IGHD2/OR15-2a	IGHV3-30-5	149.0
IGHD2/OR15-2a	IGHV3-30-52	0.0
IGHD2/OR15-2a	IGHV3-32	2.0
IGHD2/OR15-2a	IGHV3-33	2447.0
IGHD2/OR15-2a	IGHV3-33-2	2.0
IGHD2/OR15-2a	IGHV3-35	81.0
IGHD2/OR15-2a	IGHV3-38	75.0
IGHD2/OR15-2a	IGHV3-38-3	273.0
IGHD2/OR15-2a	IGHV3-43	376.0
IGHD2/OR15-2a	IGHV3-43D	95.0
IGHD2/OR15-2a	IGHV3-47	44.0
IGHD2/OR15-2a	IGHV3-48	3284.0
IGHD2/OR15-2a	IGHV3-49	658.0
IGHD2/OR15-2a	IGHV3-52	83.0
IGHD2/OR15-2a	IGHV3-53	2078.0
IGHD2/OR15-2a	IGHV3-54	0.0
IGHD2/OR15-2a	IGHV3-62	9.0
IGHD2/OR15-2a	IGHV3-63	2.0
IGHD2/OR15-2a	IGHV3-64	537.0
IGHD2/OR15-2a	IGHV3-64D	180.0
IGHD2/OR15-2a	IGHV3-66	1641.0
IGHD2/OR15-2a	IGHV3-69-1	616.0
IGHD2/OR15-2a	IGHV3-7	4612.0
IGHD2/OR15-2a	IGHV3-71	216.0
IGHD2/OR15-2a	IGHV3-72	330.0
IGHD2/OR15-2a	IGHV3-73	375.0
IGHD2/OR15-2a	IGHV3-74	2403.0
IGHD2/OR15-2a	IGHV3-9	1888.0
IGHD2/OR15-2a	IGHV3-NL1	38.0
IGHD2/OR15-2a	IGHV3/OR15-7	15.0
IGHD2/OR15-2a	IGHV3/OR16-10	16.0
IGHD2/OR15-2a	IGHV3/OR16-12	6.0
IGHD2/OR15-2a	IGHV3/OR16-13	15.0
IGHD2/OR15-2a	IGHV3/OR16-14	0.0
IGHD2/OR15-2a	IGHV3/OR16-15	6.0
IGHD2/OR15-2a	IGHV3/OR16-16	1.0
IGHD2/OR15-2a	IGHV3/OR16-6	1.0
IGHD2/OR15-2a	IGHV3/OR16-8	38.0
IGHD2/OR15-2a	IGHV3/OR16-9	28.0
IGHD2/OR15-2a	IGHV4-28	133.0
IGHD2/OR15-2a	IGHV4-30-2	1186.0
IGHD2/OR15-2a	IGHV4-30-4	950.0
IGHD2/OR15-2a	IGHV4-31	1669.0
IGHD2/OR15-2a	IGHV4-34	5971.0
IGHD2/OR15-2a	IGHV4-38-2	1192.0
IGHD2/OR15-2a	IGHV4-39	5456.0
IGHD2/OR15-2a	IGHV4-4	3089.0
IGHD2/OR15-2a	IGHV4-55	313.0
IGHD2/OR15-2a	IGHV4-59	6841.0
IGHD2/OR15-2a	IGHV4-61	2148.0
IGHD2/OR15-2a	IGHV4/OR15-8	172.0
IGHD2/OR15-2a	IGHV5-10-1	977.0
IGHD2/OR15-2a	IGHV5-51	3172.0
IGHD2/OR15-2a	IGHV5-78	8.0
IGHD2/OR15-2a	IGHV6-1	2112.0
IGHD2/OR15-2a	IGHV7-34-1	648.0
IGHD2/OR15-2a	IGHV7-4-1	959.0
IGHD2/OR15-2a	IGHV7-40	4.0
IGHD2/OR15-2a	IGHV7-81	363.0
IGHD2/OR15-2b	IGHV1-18	299.0
IGHD2/OR15-2b	IGHV1-2	312.0
IGHD2/OR15-2b	IGHV1-24	69.0
IGHD2/OR15-2b	IGHV1-3	139.0
IGHD2/OR15-2b	IGHV1-38-4	2.0
IGHD2/OR15-2b	IGHV1-45	9.0
IGHD2/OR15-2b	IGHV1-46	139.0
IGHD2/OR15-2b	IGHV1-58	44.0
IGHD2/OR15-2b	IGHV1-68	1.0
IGHD2/OR15-2b	IGHV1-69	302.0
IGHD2/OR15-2b	IGHV1-69-2	6.0
IGHD2/OR15-2b	IGHV1-69D	2.0
IGHD2/OR15-2b	IGHV1-8	177.0
IGHD2/OR15-2b	IGHV1/OR15-1	0.0
IGHD2/OR15-2b	IGHV1/OR15-2	16.0
IGHD2/OR15-2b	IGHV1/OR15-3	0.0
IGHD2/OR15-2b	IGHV1/OR15-4	0.0
IGHD2/OR15-2b	IGHV1/OR15-5	1.0
IGHD2/OR15-2b	IGHV1/OR15-9	0.0
IGHD2/OR15-2b	IGHV1/OR21-1	2.0
IGHD2/OR15-2b	IGHV2-10	2.0
IGHD2/OR15-2b	IGHV2-26	10.0
IGHD2/OR15-2b	IGHV2-5	120.0
IGHD2/OR15-2b	IGHV2-70	24.0
IGHD2/OR15-2b	IGHV2-70D	2.0
IGHD2/OR15-2b	IGHV2/OR16-5	0.0
IGHD2/OR15-2b	IGHV3-11	152.0
IGHD2/OR15-2b	IGHV3-13	95.0
IGHD2/OR15-2b	IGHV3-15	157.0
IGHD2/OR15-2b	IGHV3-16	2.0
IGHD2/OR15-2b	IGHV3-19	1.0
IGHD2/OR15-2b	IGHV3-20	50.0
IGHD2/OR15-2b	IGHV3-21	287.0
IGHD2/OR15-2b	IGHV3-22	29.0
IGHD2/OR15-2b	IGHV3-23	807.0
IGHD2/OR15-2b	IGHV3-23D	11.0
IGHD2/OR15-2b	IGHV3-25	0.0
IGHD2/OR15-2b	IGHV3-29	0.0
IGHD2/OR15-2b	IGHV3-30	482.0
IGHD2/OR15-2b	IGHV3-30-2	0.0
IGHD2/OR15-2b	IGHV3-30-22	0.0
IGHD2/OR15-2b	IGHV3-30-3	161.0
IGHD2/OR15-2b	IGHV3-30-33	0.0
IGHD2/OR15-2b	IGHV3-30-5	19.0
IGHD2/OR15-2b	IGHV3-30-52	0.0
IGHD2/OR15-2b	IGHV3-32	0.0
IGHD2/OR15-2b	IGHV3-33	191.0
IGHD2/OR15-2b	IGHV3-33-2	0.0
IGHD2/OR15-2b	IGHV3-35	4.0
IGHD2/OR15-2b	IGHV3-38	4.0
IGHD2/OR15-2b	IGHV3-38-3	27.0
IGHD2/OR15-2b	IGHV3-43	40.0
IGHD2/OR15-2b	IGHV3-43D	8.0
IGHD2/OR15-2b	IGHV3-47	6.0
IGHD2/OR15-2b	IGHV3-48	311.0
IGHD2/OR15-2b	IGHV3-49	68.0
IGHD2/OR15-2b	IGHV3-52	1.0
IGHD2/OR15-2b	IGHV3-53	166.0
IGHD2/OR15-2b	IGHV3-54	0.0
IGHD2/OR15-2b	IGHV3-62	0.0
IGHD2/OR15-2b	IGHV3-63	0.0
IGHD2/OR15-2b	IGHV3-64	36.0
IGHD2/OR15-2b	IGHV3-64D	24.0
IGHD2/OR15-2b	IGHV3-66	125.0
IGHD2/OR15-2b	IGHV3-69-1	35.0
IGHD2/OR15-2b	IGHV3-7	365.0
IGHD2/OR15-2b	IGHV3-71	22.0
IGHD2/OR15-2b	IGHV3-72	30.0
IGHD2/OR15-2b	IGHV3-73	22.0
IGHD2/OR15-2b	IGHV3-74	302.0
IGHD2/OR15-2b	IGHV3-9	142.0
IGHD2/OR15-2b	IGHV3-NL1	1.0
IGHD2/OR15-2b	IGHV3/OR15-7	0.0
IGHD2/OR15-2b	IGHV3/OR16-10	1.0
IGHD2/OR15-2b	IGHV3/OR16-12	0.0
IGHD2/OR15-2b	IGHV3/OR16-13	0.0
IGHD2/OR15-2b	IGHV3/OR16-14	0.0
IGHD2/OR15-2b	IGHV3/OR16-15	0.0
IGHD2/OR15-2b	IGHV3/OR16-16	0.0
IGHD2/OR15-2b	IGHV3/OR16-6	0.0
IGHD2/OR15-2b	IGHV3/OR16-8	6.0
IGHD2/OR15-2b	IGHV3/OR16-9	0.0
IGHD2/OR15-2b	IGHV4-28	8.0
IGHD2/OR15-2b	IGHV4-30-2	102.0
IGHD2/OR15-2b	IGHV4-30-4	94.0
IGHD2/OR15-2b	IGHV4-31	151.0
IGHD2/OR15-2b	IGHV4-34	447.0
IGHD2/OR15-2b	IGHV4-38-2	88.0
IGHD2/OR15-2b	IGHV4-39	442.0
IGHD2/OR15-2b	IGHV4-4	318.0
IGHD2/OR15-2b	IGHV4-55	32.0
IGHD2/OR15-2b	IGHV4-59	708.0
IGHD2/OR15-2b	IGHV4-61	126.0
IGHD2/OR15-2b	IGHV4/OR15-8	29.0
IGHD2/OR15-2b	IGHV5-10-1	45.0
IGHD2/OR15-2b	IGHV5-51	277.0
IGHD2/OR15-2b	IGHV5-78	0.0
IGHD2/OR15-2b	IGHV6-1	158.0
IGHD2/OR15-2b	IGHV7-34-1	47.0
IGHD2/OR15-2b	IGHV7-4-1	97.0
IGHD2/OR15-2b	IGHV7-40	1.0
IGHD2/OR15-2b	IGHV7-81	8.0
IGHD3-10	IGHV1-18	59195.0
IGHD3-10	IGHV1-2	56171.0
IGHD3-10	IGHV1-24	10993.0
IGHD3-10	IGHV1-3	23916.0
IGHD3-10	IGHV1-38-4	309.0
IGHD3-10	IGHV1-45	1261.0
IGHD3-10	IGHV1-46	23520.0
IGHD3-10	IGHV1-58	4156.0
IGHD3-10	IGHV1-68	523.0
IGHD3-10	IGHV1-69	54733.0
IGHD3-10	IGHV1-69-2	489.0
IGHD3-10	IGHV1-69D	247.0
IGHD3-10	IGHV1-8	33430.0
IGHD3-10	IGHV1/OR15-1	158.0
IGHD3-10	IGHV1/OR15-2	2717.0
IGHD3-10	IGHV1/OR15-3	124.0
IGHD3-10	IGHV1/OR15-4	463.0
IGHD3-10	IGHV1/OR15-5	85.0
IGHD3-10	IGHV1/OR15-9	326.0
IGHD3-10	IGHV1/OR21-1	33.0
IGHD3-10	IGHV2-10	278.0
IGHD3-10	IGHV2-26	1689.0
IGHD3-10	IGHV2-5	16991.0
IGHD3-10	IGHV2-70	3990.0
IGHD3-10	IGHV2-70D	48.0
IGHD3-10	IGHV2/OR16-5	22.0
IGHD3-10	IGHV3-11	24110.0
IGHD3-10	IGHV3-13	17498.0
IGHD3-10	IGHV3-15	18799.0
IGHD3-10	IGHV3-16	45.0
IGHD3-10	IGHV3-19	291.0
IGHD3-10	IGHV3-20	7902.0
IGHD3-10	IGHV3-21	49013.0
IGHD3-10	IGHV3-22	6844.0
IGHD3-10	IGHV3-23	112089.0
IGHD3-10	IGHV3-23D	631.0
IGHD3-10	IGHV3-25	69.0
IGHD3-10	IGHV3-29	3.0
IGHD3-10	IGHV3-30	76332.0
IGHD3-10	IGHV3-30-2	8.0
IGHD3-10	IGHV3-30-22	3.0
IGHD3-10	IGHV3-30-3	21577.0
IGHD3-10	IGHV3-30-33	1.0
IGHD3-10	IGHV3-30-5	2275.0
IGHD3-10	IGHV3-30-52	1.0
IGHD3-10	IGHV3-32	1.0
IGHD3-10	IGHV3-33	29667.0
IGHD3-10	IGHV3-33-2	3.0
IGHD3-10	IGHV3-35	1277.0
IGHD3-10	IGHV3-38	394.0
IGHD3-10	IGHV3-38-3	3163.0
IGHD3-10	IGHV3-43	4093.0
IGHD3-10	IGHV3-43D	1519.0
IGHD3-10	IGHV3-47	325.0
IGHD3-10	IGHV3-48	38401.0
IGHD3-10	IGHV3-49	7058.0
IGHD3-10	IGHV3-52	1132.0
IGHD3-10	IGHV3-53	24255.0
IGHD3-10	IGHV3-54	15.0
IGHD3-10	IGHV3-62	29.0
IGHD3-10	IGHV3-63	2.0
IGHD3-10	IGHV3-64	7046.0
IGHD3-10	IGHV3-64D	2548.0
IGHD3-10	IGHV3-66	21200.0
IGHD3-10	IGHV3-69-1	4983.0
IGHD3-10	IGHV3-7	48788.0
IGHD3-10	IGHV3-71	2266.0
IGHD3-10	IGHV3-72	2543.0
IGHD3-10	IGHV3-73	4021.0
IGHD3-10	IGHV3-74	22280.0
IGHD3-10	IGHV3-9	23634.0
IGHD3-10	IGHV3-NL1	219.0
IGHD3-10	IGHV3/OR15-7	40.0
IGHD3-10	IGHV3/OR16-10	88.0
IGHD3-10	IGHV3/OR16-12	33.0
IGHD3-10	IGHV3/OR16-13	135.0
IGHD3-10	IGHV3/OR16-14	15.0
IGHD3-10	IGHV3/OR16-15	26.0
IGHD3-10	IGHV3/OR16-16	9.0
IGHD3-10	IGHV3/OR16-6	1.0
IGHD3-10	IGHV3/OR16-8	122.0
IGHD3-10	IGHV3/OR16-9	80.0
IGHD3-10	IGHV4-28	1074.0
IGHD3-10	IGHV4-30-2	13578.0
IGHD3-10	IGHV4-30-4	12726.0
IGHD3-10	IGHV4-31	25502.0
IGHD3-10	IGHV4-34	96832.0
IGHD3-10	IGHV4-38-2	16848.0
IGHD3-10	IGHV4-39	71019.0
IGHD3-10	IGHV4-4	41241.0
IGHD3-10	IGHV4-55	2186.0
IGHD3-10	IGHV4-59	98189.0
IGHD3-10	IGHV4-61	24275.0
IGHD3-10	IGHV4/OR15-8	600.0
IGHD3-10	IGHV5-10-1	8348.0
IGHD3-10	IGHV5-51	33584.0
IGHD3-10	IGHV5-78	29.0
IGHD3-10	IGHV6-1	20462.0
IGHD3-10	IGHV7-34-1	823.0
IGHD3-10	IGHV7-4-1	13404.0
IGHD3-10	IGHV7-40	18.0
IGHD3-10	IGHV7-81	2054.0
IGHD3-16	IGHV1-18	23129.0
IGHD3-16	IGHV1-2	21518.0
IGHD3-16	IGHV1-24	4412.0
IGHD3-16	IGHV1-3	9516.0
IGHD3-16	IGHV1-38-4	27.0
IGHD3-16	IGHV1-45	495.0
IGHD3-16	IGHV1-46	10327.0
IGHD3-16	IGHV1-58	1714.0
IGHD3-16	IGHV1-68	231.0
IGHD3-16	IGHV1-69	22617.0
IGHD3-16	IGHV1-69-2	267.0
IGHD3-16	IGHV1-69D	108.0
IGHD3-16	IGHV1-8	12952.0
IGHD3-16	IGHV1/OR15-1	98.0
IGHD3-16	IGHV1/OR15-2	1064.0
IGHD3-16	IGHV1/OR15-3	56.0
IGHD3-16	IGHV1/OR15-4	208.0
IGHD3-16	IGHV1/OR15-5	48.0
IGHD3-16	IGHV1/OR15-9	164.0
IGHD3-16	IGHV1/OR21-1	34.0
IGHD3-16	IGHV2-10	109.0
IGHD3-16	IGHV2-26	890.0
IGHD3-16	IGHV2-5	6898.0
IGHD3-16	IGHV2-70	1625.0
IGHD3-16	IGHV2-70D	27.0
IGHD3-16	IGHV2/OR16-5	1.0
IGHD3-16	IGHV3-11	10574.0
IGHD3-16	IGHV3-13	7555.0
IGHD3-16	IGHV3-15	9902.0
IGHD3-16	IGHV3-16	25.0
IGHD3-16	IGHV3-19	105.0
IGHD3-16	IGHV3-20	3302.0
IGHD3-16	IGHV3-21	22504.0
IGHD3-16	IGHV3-22	3154.0
IGHD3-16	IGHV3-23	49799.0
IGHD3-16	IGHV3-23D	354.0
IGHD3-16	IGHV3-25	40.0
IGHD3-16	IGHV3-29	8.0
IGHD3-16	IGHV3-30	30037.0
IGHD3-16	IGHV3-30-2	4.0
IGHD3-16	IGHV3-30-22	0.0
IGHD3-16	IGHV3-30-3	9451.0
IGHD3-16	IGHV3-30-33	0.0
IGHD3-16	IGHV3-30-5	1046.0
IGHD3-16	IGHV3-30-52	0.0
IGHD3-16	IGHV3-32	2.0
IGHD3-16	IGHV3-33	14779.0
IGHD3-16	IGHV3-33-2	2.0
IGHD3-16	IGHV3-35	501.0
IGHD3-16	IGHV3-38	162.0
IGHD3-16	IGHV3-38-3	1104.0
IGHD3-16	IGHV3-43	1782.0
IGHD3-16	IGHV3-43D	619.0
IGHD3-16	IGHV3-47	167.0
IGHD3-16	IGHV3-48	17763.0
IGHD3-16	IGHV3-49	3271.0
IGHD3-16	IGHV3-52	486.0
IGHD3-16	IGHV3-53	10429.0
IGHD3-16	IGHV3-54	9.0
IGHD3-16	IGHV3-62	14.0
IGHD3-16	IGHV3-63	3.0
IGHD3-16	IGHV3-64	3090.0
IGHD3-16	IGHV3-64D	1029.0
IGHD3-16	IGHV3-66	8986.0
IGHD3-16	IGHV3-69-1	2621.0
IGHD3-16	IGHV3-7	24173.0
IGHD3-16	IGHV3-71	1097.0
IGHD3-16	IGHV3-72	1453.0
IGHD3-16	IGHV3-73	1887.0
IGHD3-16	IGHV3-74	11943.0
IGHD3-16	IGHV3-9	10874.0
IGHD3-16	IGHV3-NL1	92.0
IGHD3-16	IGHV3/OR15-7	17.0
IGHD3-16	IGHV3/OR16-10	36.0
IGHD3-16	IGHV3/OR16-12	13.0
IGHD3-16	IGHV3/OR16-13	38.0
IGHD3-16	IGHV3/OR16-14	11.0
IGHD3-16	IGHV3/OR16-15	21.0
IGHD3-16	IGHV3/OR16-16	4.0
IGHD3-16	IGHV3/OR16-6	4.0
IGHD3-16	IGHV3/OR16-8	65.0
IGHD3-16	IGHV3/OR16-9	70.0
IGHD3-16	IGHV4-28	507.0
IGHD3-16	IGHV4-30-2	5365.0
IGHD3-16	IGHV4-30-4	5436.0
IGHD3-16	IGHV4-31	10548.0
IGHD3-16	IGHV4-34	35936.0
IGHD3-16	IGHV4-38-2	6037.0
IGHD3-16	IGHV4-39	26618.0
IGHD3-16	IGHV4-4	16116.0
IGHD3-16	IGHV4-55	893.0
IGHD3-16	IGHV4-59	38930.0
IGHD3-16	IGHV4-61	9092.0
IGHD3-16	IGHV4/OR15-8	393.0
IGHD3-16	IGHV5-10-1	3072.0
IGHD3-16	IGHV5-51	14582.0
IGHD3-16	IGHV5-78	21.0
IGHD3-16	IGHV6-1	8268.0
IGHD3-16	IGHV7-34-1	462.0
IGHD3-16	IGHV7-4-1	6219.0
IGHD3-16	IGHV7-40	12.0
IGHD3-16	IGHV7-81	824.0
IGHD3-22	IGHV1-18	57610.0
IGHD3-22	IGHV1-2	55110.0
IGHD3-22	IGHV1-24	11456.0
IGHD3-22	IGHV1-3	25981.0
IGHD3-22	IGHV1-38-4	934.0
IGHD3-22	IGHV1-45	2267.0
IGHD3-22	IGHV1-46	29983.0
IGHD3-22	IGHV1-58	7163.0
IGHD3-22	IGHV1-68	852.0
IGHD3-22	IGHV1-69	69034.0
IGHD3-22	IGHV1-69-2	442.0
IGHD3-22	IGHV1-69D	294.0
IGHD3-22	IGHV1-8	27406.0
IGHD3-22	IGHV1/OR15-1	137.0
IGHD3-22	IGHV1/OR15-2	3831.0
IGHD3-22	IGHV1/OR15-3	133.0
IGHD3-22	IGHV1/OR15-4	732.0
IGHD3-22	IGHV1/OR15-5	117.0
IGHD3-22	IGHV1/OR15-9	928.0
IGHD3-22	IGHV1/OR21-1	72.0
IGHD3-22	IGHV2-10	458.0
IGHD3-22	IGHV2-26	2553.0
IGHD3-22	IGHV2-5	15574.0
IGHD3-22	IGHV2-70	5219.0
IGHD3-22	IGHV2-70D	97.0
IGHD3-22	IGHV2/OR16-5	2.0
IGHD3-22	IGHV3-11	23134.0
IGHD3-22	IGHV3-13	19360.0
IGHD3-22	IGHV3-15	19292.0
IGHD3-22	IGHV3-16	46.0
IGHD3-22	IGHV3-19	393.0
IGHD3-22	IGHV3-20	6972.0
IGHD3-22	IGHV3-21	47495.0
IGHD3-22	IGHV3-22	12154.0
IGHD3-22	IGHV3-23	106398.0
IGHD3-22	IGHV3-23D	781.0
IGHD3-22	IGHV3-25	84.0
IGHD3-22	IGHV3-29	0.0
IGHD3-22	IGHV3-30	78887.0
IGHD3-22	IGHV3-30-2	4.0
IGHD3-22	IGHV3-30-22	3.0
IGHD3-22	IGHV3-30-3	28846.0
IGHD3-22	IGHV3-30-33	1.0
IGHD3-22	IGHV3-30-5	2659.0
IGHD3-22	IGHV3-30-52	0.0
IGHD3-22	IGHV3-32	1.0
IGHD3-22	IGHV3-33	37762.0
IGHD3-22	IGHV3-33-2	6.0
IGHD3-22	IGHV3-35	1664.0
IGHD3-22	IGHV3-38	452.0
IGHD3-22	IGHV3-38-3	4758.0
IGHD3-22	IGHV3-43	4214.0
IGHD3-22	IGHV3-43D	1631.0
IGHD3-22	IGHV3-47	717.0
IGHD3-22	IGHV3-48	36105.0
IGHD3-22	IGHV3-49	7558.0
IGHD3-22	IGHV3-52	2160.0
IGHD3-22	IGHV3-53	26136.0
IGHD3-22	IGHV3-54	8.0
IGHD3-22	IGHV3-62	34.0
IGHD3-22	IGHV3-63	9.0
IGHD3-22	IGHV3-64	7801.0
IGHD3-22	IGHV3-64D	2912.0
IGHD3-22	IGHV3-66	23584.0
IGHD3-22	IGHV3-69-1	5739.0
IGHD3-22	IGHV3-7	40095.0
IGHD3-22	IGHV3-71	3999.0
IGHD3-22	IGHV3-72	3558.0
IGHD3-22	IGHV3-73	4732.0
IGHD3-22	IGHV3-74	20839.0
IGHD3-22	IGHV3-9	20914.0
IGHD3-22	IGHV3-NL1	199.0
IGHD3-22	IGHV3/OR15-7	20.0
IGHD3-22	IGHV3/OR16-10	61.0
IGHD3-22	IGHV3/OR16-12	15.0
IGHD3-22	IGHV3/OR16-13	92.0
IGHD3-22	IGHV3/OR16-14	23.0
IGHD3-22	IGHV3/OR16-15	28.0
IGHD3-22	IGHV3/OR16-16	8.0
IGHD3-22	IGHV3/OR16-6	0.0
IGHD3-22	IGHV3/OR16-8	60.0
IGHD3-22	IGHV3/OR16-9	80.0
IGHD3-22	IGHV4-28	1265.0
IGHD3-22	IGHV4-30-2	18506.0
IGHD3-22	IGHV4-30-4	17079.0
IGHD3-22	IGHV4-31	30960.0
IGHD3-22	IGHV4-34	80820.0
IGHD3-22	IGHV4-38-2	14487.0
IGHD3-22	IGHV4-39	60539.0
IGHD3-22	IGHV4-4	36406.0
IGHD3-22	IGHV4-55	4419.0
IGHD3-22	IGHV4-59	90771.0
IGHD3-22	IGHV4-61	24429.0
IGHD3-22	IGHV4/OR15-8	453.0
IGHD3-22	IGHV5-10-1	8151.0
IGHD3-22	IGHV5-51	32453.0
IGHD3-22	IGHV5-78	11.0
IGHD3-22	IGHV6-1	17040.0
IGHD3-22	IGHV7-34-1	286.0
IGHD3-22	IGHV7-4-1	13135.0
IGHD3-22	IGHV7-40	16.0
IGHD3-22	IGHV7-81	2914.0
IGHD3-3	IGHV1-18	44175.0
IGHD3-3	IGHV1-2	42804.0
IGHD3-3	IGHV1-24	7927.0
IGHD3-3	IGHV1-3	19642.0
IGHD3-3	IGHV1-38-4	103.0
IGHD3-3	IGHV1-45	1146.0
IGHD3-3	IGHV1-46	17685.0
IGHD3-3	IGHV1-58	4077.0
IGHD3-3	IGHV1-68	575.0
IGHD3-3	IGHV1-69	45908.0
IGHD3-3	IGHV1-69-2	465.0
IGHD3-3	IGHV1-69D	235.0
IGHD3-3	IGHV1-8	30790.0
IGHD3-3	IGHV1/OR15-1	134.0
IGHD3-3	IGHV1/OR15-2	3392.0
IGHD3-3	IGHV1/OR15-3	133.0
IGHD3-3	IGHV1/OR15-4	648.0
IGHD3-3	IGHV1/OR15-5	67.0
IGHD3-3	IGHV1/OR15-9	312.0
IGHD3-3	IGHV1/OR21-1	25.0
IGHD3-3	IGHV2-10	371.0
IGHD3-3	IGHV2-26	2030.0
IGHD3-3	IGHV2-5	14006.0
IGHD3-3	IGHV2-70	2843.0
IGHD3-3	IGHV2-70D	126.0
IGHD3-3	IGHV2/OR16-5	19.0
IGHD3-3	IGHV3-11	17163.0
IGHD3-3	IGHV3-13	14511.0
IGHD3-3	IGHV3-15	14412.0
IGHD3-3	IGHV3-16	21.0
IGHD3-3	IGHV3-19	361.0
IGHD3-3	IGHV3-20	5759.0
IGHD3-3	IGHV3-21	35874.0
IGHD3-3	IGHV3-22	6374.0
IGHD3-3	IGHV3-23	81011.0
IGHD3-3	IGHV3-23D	573.0
IGHD3-3	IGHV3-25	67.0
IGHD3-3	IGHV3-29	0.0
IGHD3-3	IGHV3-30	48885.0
IGHD3-3	IGHV3-30-2	24.0
IGHD3-3	IGHV3-30-22	1.0
IGHD3-3	IGHV3-30-3	19776.0
IGHD3-3	IGHV3-30-33	6.0
IGHD3-3	IGHV3-30-5	2115.0
IGHD3-3	IGHV3-30-52	1.0
IGHD3-3	IGHV3-32	4.0
IGHD3-3	IGHV3-33	23485.0
IGHD3-3	IGHV3-33-2	5.0
IGHD3-3	IGHV3-35	972.0
IGHD3-3	IGHV3-38	205.0
IGHD3-3	IGHV3-38-3	1636.0
IGHD3-3	IGHV3-43	3089.0
IGHD3-3	IGHV3-43D	883.0
IGHD3-3	IGHV3-47	361.0
IGHD3-3	IGHV3-48	25871.0
IGHD3-3	IGHV3-49	5897.0
IGHD3-3	IGHV3-52	1118.0
IGHD3-3	IGHV3-53	14546.0
IGHD3-3	IGHV3-54	11.0
IGHD3-3	IGHV3-62	18.0
IGHD3-3	IGHV3-63	2.0
IGHD3-3	IGHV3-64	5191.0
IGHD3-3	IGHV3-64D	1709.0
IGHD3-3	IGHV3-66	13911.0
IGHD3-3	IGHV3-69-1	4035.0
IGHD3-3	IGHV3-7	37539.0
IGHD3-3	IGHV3-71	2352.0
IGHD3-3	IGHV3-72	1691.0
IGHD3-3	IGHV3-73	3288.0
IGHD3-3	IGHV3-74	15570.0
IGHD3-3	IGHV3-9	18384.0
IGHD3-3	IGHV3-NL1	140.0
IGHD3-3	IGHV3/OR15-7	30.0
IGHD3-3	IGHV3/OR16-10	72.0
IGHD3-3	IGHV3/OR16-12	19.0
IGHD3-3	IGHV3/OR16-13	79.0
IGHD3-3	IGHV3/OR16-14	18.0
IGHD3-3	IGHV3/OR16-15	33.0
IGHD3-3	IGHV3/OR16-16	6.0
IGHD3-3	IGHV3/OR16-6	1.0
IGHD3-3	IGHV3/OR16-8	53.0
IGHD3-3	IGHV3/OR16-9	66.0
IGHD3-3	IGHV4-28	665.0
IGHD3-3	IGHV4-30-2	10064.0
IGHD3-3	IGHV4-30-4	9669.0
IGHD3-3	IGHV4-31	18519.0
IGHD3-3	IGHV4-34	69321.0
IGHD3-3	IGHV4-38-2	9477.0
IGHD3-3	IGHV4-39	45082.0
IGHD3-3	IGHV4-4	29474.0
IGHD3-3	IGHV4-55	2008.0
IGHD3-3	IGHV4-59	63579.0
IGHD3-3	IGHV4-61	17357.0
IGHD3-3	IGHV4/OR15-8	505.0
IGHD3-3	IGHV5-10-1	3797.0
IGHD3-3	IGHV5-51	19153.0
IGHD3-3	IGHV5-78	10.0
IGHD3-3	IGHV6-1	20163.0
IGHD3-3	IGHV7-34-1	504.0
IGHD3-3	IGHV7-4-1	13158.0
IGHD3-3	IGHV7-40	13.0
IGHD3-3	IGHV7-81	1609.0
IGHD3-9	IGHV1-18	24413.0
IGHD3-9	IGHV1-2	23327.0
IGHD3-9	IGHV1-24	4096.0
IGHD3-9	IGHV1-3	10704.0
IGHD3-9	IGHV1-38-4	27.0
IGHD3-9	IGHV1-45	725.0
IGHD3-9	IGHV1-46	9328.0
IGHD3-9	IGHV1-58	2066.0
IGHD3-9	IGHV1-68	339.0
IGHD3-9	IGHV1-69	21382.0
IGHD3-9	IGHV1-69-2	135.0
IGHD3-9	IGHV1-69D	71.0
IGHD3-9	IGHV1-8	13620.0
IGHD3-9	IGHV1/OR15-1	52.0
IGHD3-9	IGHV1/OR15-2	1591.0
IGHD3-9	IGHV1/OR15-3	39.0
IGHD3-9	IGHV1/OR15-4	286.0
IGHD3-9	IGHV1/OR15-5	32.0
IGHD3-9	IGHV1/OR15-9	180.0
IGHD3-9	IGHV1/OR21-1	17.0
IGHD3-9	IGHV2-10	188.0
IGHD3-9	IGHV2-26	1037.0
IGHD3-9	IGHV2-5	7879.0
IGHD3-9	IGHV2-70	1661.0
IGHD3-9	IGHV2-70D	23.0
IGHD3-9	IGHV2/OR16-5	1.0
IGHD3-9	IGHV3-11	8693.0
IGHD3-9	IGHV3-13	8197.0
IGHD3-9	IGHV3-15	6248.0
IGHD3-9	IGHV3-16	3.0
IGHD3-9	IGHV3-19	114.0
IGHD3-9	IGHV3-20	2731.0
IGHD3-9	IGHV3-21	19435.0
IGHD3-9	IGHV3-22	4111.0
IGHD3-9	IGHV3-23	39340.0
IGHD3-9	IGHV3-23D	214.0
IGHD3-9	IGHV3-25	31.0
IGHD3-9	IGHV3-29	1.0
IGHD3-9	IGHV3-30	26867.0
IGHD3-9	IGHV3-30-2	4.0
IGHD3-9	IGHV3-30-22	0.0
IGHD3-9	IGHV3-30-3	8113.0
IGHD3-9	IGHV3-30-33	1.0
IGHD3-9	IGHV3-30-5	994.0
IGHD3-9	IGHV3-30-52	0.0
IGHD3-9	IGHV3-32	4.0
IGHD3-9	IGHV3-33	12629.0
IGHD3-9	IGHV3-33-2	0.0
IGHD3-9	IGHV3-35	635.0
IGHD3-9	IGHV3-38	92.0
IGHD3-9	IGHV3-38-3	1199.0
IGHD3-9	IGHV3-43	1710.0
IGHD3-9	IGHV3-43D	462.0
IGHD3-9	IGHV3-47	190.0
IGHD3-9	IGHV3-48	12876.0
IGHD3-9	IGHV3-49	2988.0
IGHD3-9	IGHV3-52	623.0
IGHD3-9	IGHV3-53	8712.0
IGHD3-9	IGHV3-54	7.0
IGHD3-9	IGHV3-62	12.0
IGHD3-9	IGHV3-63	3.0
IGHD3-9	IGHV3-64	3264.0
IGHD3-9	IGHV3-64D	1248.0
IGHD3-9	IGHV3-66	8396.0
IGHD3-9	IGHV3-69-1	1988.0
IGHD3-9	IGHV3-7	16377.0
IGHD3-9	IGHV3-71	1197.0
IGHD3-9	IGHV3-72	760.0
IGHD3-9	IGHV3-73	1820.0
IGHD3-9	IGHV3-74	7788.0
IGHD3-9	IGHV3-9	8994.0
IGHD3-9	IGHV3-NL1	57.0
IGHD3-9	IGHV3/OR15-7	9.0
IGHD3-9	IGHV3/OR16-10	31.0
IGHD3-9	IGHV3/OR16-12	5.0
IGHD3-9	IGHV3/OR16-13	38.0
IGHD3-9	IGHV3/OR16-14	9.0
IGHD3-9	IGHV3/OR16-15	5.0
IGHD3-9	IGHV3/OR16-16	3.0
IGHD3-9	IGHV3/OR16-6	0.0
IGHD3-9	IGHV3/OR16-8	20.0
IGHD3-9	IGHV3/OR16-9	24.0
IGHD3-9	IGHV4-28	368.0
IGHD3-9	IGHV4-30-2	4779.0
IGHD3-9	IGHV4-30-4	4344.0
IGHD3-9	IGHV4-31	9821.0
IGHD3-9	IGHV4-34	36704.0
IGHD3-9	IGHV4-38-2	4658.0
IGHD3-9	IGHV4-39	24427.0
IGHD3-9	IGHV4-4	14249.0
IGHD3-9	IGHV4-55	1254.0
IGHD3-9	IGHV4-59	36848.0
IGHD3-9	IGHV4-61	8243.0
IGHD3-9	IGHV4/OR15-8	256.0
IGHD3-9	IGHV5-10-1	2588.0
IGHD3-9	IGHV5-51	12042.0
IGHD3-9	IGHV5-78	3.0
IGHD3-9	IGHV6-1	6963.0
IGHD3-9	IGHV7-34-1	117.0
IGHD3-9	IGHV7-4-1	6849.0
IGHD3-9	IGHV7-40	6.0
IGHD3-9	IGHV7-81	738.0
IGHD3/OR15-3a	IGHV1-18	2293.0
IGHD3/OR15-3a	IGHV1-2	2398.0
IGHD3/OR15-3a	IGHV1-24	446.0
IGHD3/OR15-3a	IGHV1-3	1124.0
IGHD3/OR15-3a	IGHV1-38-4	4.0
IGHD3/OR15-3a	IGHV1-45	38.0
IGHD3/OR15-3a	IGHV1-46	1025.0
IGHD3/OR15-3a	IGHV1-58	225.0
IGHD3/OR15-3a	IGHV1-68	25.0
IGHD3/OR15-3a	IGHV1-69	2308.0
IGHD3/OR15-3a	IGHV1-69-2	37.0
IGHD3/OR15-3a	IGHV1-69D	12.0
IGHD3/OR15-3a	IGHV1-8	1295.0
IGHD3/OR15-3a	IGHV1/OR15-1	14.0
IGHD3/OR15-3a	IGHV1/OR15-2	97.0
IGHD3/OR15-3a	IGHV1/OR15-3	7.0
IGHD3/OR15-3a	IGHV1/OR15-4	27.0
IGHD3/OR15-3a	IGHV1/OR15-5	12.0
IGHD3/OR15-3a	IGHV1/OR15-9	7.0
IGHD3/OR15-3a	IGHV1/OR21-1	2.0
IGHD3/OR15-3a	IGHV2-10	19.0
IGHD3/OR15-3a	IGHV2-26	80.0
IGHD3/OR15-3a	IGHV2-5	1077.0
IGHD3/OR15-3a	IGHV2-70	228.0
IGHD3/OR15-3a	IGHV2-70D	0.0
IGHD3/OR15-3a	IGHV2/OR16-5	1.0
IGHD3/OR15-3a	IGHV3-11	1129.0
IGHD3/OR15-3a	IGHV3-13	707.0
IGHD3/OR15-3a	IGHV3-15	895.0
IGHD3/OR15-3a	IGHV3-16	1.0
IGHD3/OR15-3a	IGHV3-19	6.0
IGHD3/OR15-3a	IGHV3-20	446.0
IGHD3/OR15-3a	IGHV3-21	2348.0
IGHD3/OR15-3a	IGHV3-22	218.0
IGHD3/OR15-3a	IGHV3-23	5431.0
IGHD3/OR15-3a	IGHV3-23D	28.0
IGHD3/OR15-3a	IGHV3-25	7.0
IGHD3/OR15-3a	IGHV3-29	0.0
IGHD3/OR15-3a	IGHV3-30	3365.0
IGHD3/OR15-3a	IGHV3-30-2	4.0
IGHD3/OR15-3a	IGHV3-30-22	0.0
IGHD3/OR15-3a	IGHV3-30-3	929.0
IGHD3/OR15-3a	IGHV3-30-33	0.0
IGHD3/OR15-3a	IGHV3-30-5	98.0
IGHD3/OR15-3a	IGHV3-30-52	0.0
IGHD3/OR15-3a	IGHV3-32	0.0
IGHD3/OR15-3a	IGHV3-33	1477.0
IGHD3/OR15-3a	IGHV3-33-2	0.0
IGHD3/OR15-3a	IGHV3-35	57.0
IGHD3/OR15-3a	IGHV3-38	25.0
IGHD3/OR15-3a	IGHV3-38-3	132.0
IGHD3/OR15-3a	IGHV3-43	157.0
IGHD3/OR15-3a	IGHV3-43D	54.0
IGHD3/OR15-3a	IGHV3-47	24.0
IGHD3/OR15-3a	IGHV3-48	2044.0
IGHD3/OR15-3a	IGHV3-49	357.0
IGHD3/OR15-3a	IGHV3-52	56.0
IGHD3/OR15-3a	IGHV3-53	1194.0
IGHD3/OR15-3a	IGHV3-54	3.0
IGHD3/OR15-3a	IGHV3-62	1.0
IGHD3/OR15-3a	IGHV3-63	0.0
IGHD3/OR15-3a	IGHV3-64	304.0
IGHD3/OR15-3a	IGHV3-64D	149.0
IGHD3/OR15-3a	IGHV3-66	971.0
IGHD3/OR15-3a	IGHV3-69-1	293.0
IGHD3/OR15-3a	IGHV3-7	2581.0
IGHD3/OR15-3a	IGHV3-71	111.0
IGHD3/OR15-3a	IGHV3-72	191.0
IGHD3/OR15-3a	IGHV3-73	253.0
IGHD3/OR15-3a	IGHV3-74	1424.0
IGHD3/OR15-3a	IGHV3-9	1184.0
IGHD3/OR15-3a	IGHV3-NL1	24.0
IGHD3/OR15-3a	IGHV3/OR15-7	4.0
IGHD3/OR15-3a	IGHV3/OR16-10	8.0
IGHD3/OR15-3a	IGHV3/OR16-12	5.0
IGHD3/OR15-3a	IGHV3/OR16-13	14.0
IGHD3/OR15-3a	IGHV3/OR16-14	0.0
IGHD3/OR15-3a	IGHV3/OR16-15	1.0
IGHD3/OR15-3a	IGHV3/OR16-16	2.0
IGHD3/OR15-3a	IGHV3/OR16-6	0.0
IGHD3/OR15-3a	IGHV3/OR16-8	15.0
IGHD3/OR15-3a	IGHV3/OR16-9	11.0
IGHD3/OR15-3a	IGHV4-28	54.0
IGHD3/OR15-3a	IGHV4-30-2	514.0
IGHD3/OR15-3a	IGHV4-30-4	608.0
IGHD3/OR15-3a	IGHV4-31	1020.0
IGHD3/OR15-3a	IGHV4-34	3662.0
IGHD3/OR15-3a	IGHV4-38-2	772.0
IGHD3/OR15-3a	IGHV4-39	3518.0
IGHD3/OR15-3a	IGHV4-4	1885.0
IGHD3/OR15-3a	IGHV4-55	103.0
IGHD3/OR15-3a	IGHV4-59	4261.0
IGHD3/OR15-3a	IGHV4-61	1217.0
IGHD3/OR15-3a	IGHV4/OR15-8	59.0
IGHD3/OR15-3a	IGHV5-10-1	445.0
IGHD3/OR15-3a	IGHV5-51	1630.0
IGHD3/OR15-3a	IGHV5-78	2.0
IGHD3/OR15-3a	IGHV6-1	1369.0
IGHD3/OR15-3a	IGHV7-34-1	467.0
IGHD3/OR15-3a	IGHV7-4-1	662.0
IGHD3/OR15-3a	IGHV7-40	0.0
IGHD3/OR15-3a	IGHV7-81	144.0
IGHD3/OR15-3b	IGHV1-18	96.0
IGHD3/OR15-3b	IGHV1-2	67.0
IGHD3/OR15-3b	IGHV1-24	9.0
IGHD3/OR15-3b	IGHV1-3	20.0
IGHD3/OR15-3b	IGHV1-38-4	1.0
IGHD3/OR15-3b	IGHV1-45	4.0
IGHD3/OR15-3b	IGHV1-46	33.0
IGHD3/OR15-3b	IGHV1-58	16.0
IGHD3/OR15-3b	IGHV1-68	0.0
IGHD3/OR15-3b	IGHV1-69	74.0
IGHD3/OR15-3b	IGHV1-69-2	1.0
IGHD3/OR15-3b	IGHV1-69D	0.0
IGHD3/OR15-3b	IGHV1-8	40.0
IGHD3/OR15-3b	IGHV1/OR15-1	1.0
IGHD3/OR15-3b	IGHV1/OR15-2	2.0
IGHD3/OR15-3b	IGHV1/OR15-3	1.0
IGHD3/OR15-3b	IGHV1/OR15-4	0.0
IGHD3/OR15-3b	IGHV1/OR15-5	0.0
IGHD3/OR15-3b	IGHV1/OR15-9	1.0
IGHD3/OR15-3b	IGHV1/OR21-1	0.0
IGHD3/OR15-3b	IGHV2-10	0.0
IGHD3/OR15-3b	IGHV2-26	0.0
IGHD3/OR15-3b	IGHV2-5	38.0
IGHD3/OR15-3b	IGHV2-70	6.0
IGHD3/OR15-3b	IGHV2-70D	0.0
IGHD3/OR15-3b	IGHV2/OR16-5	0.0
IGHD3/OR15-3b	IGHV3-11	48.0
IGHD3/OR15-3b	IGHV3-13	16.0
IGHD3/OR15-3b	IGHV3-15	30.0
IGHD3/OR15-3b	IGHV3-16	0.0
IGHD3/OR15-3b	IGHV3-19	1.0
IGHD3/OR15-3b	IGHV3-20	6.0
IGHD3/OR15-3b	IGHV3-21	70.0
IGHD3/OR15-3b	IGHV3-22	6.0
IGHD3/OR15-3b	IGHV3-23	149.0
IGHD3/OR15-3b	IGHV3-23D	2.0
IGHD3/OR15-3b	IGHV3-25	3.0
IGHD3/OR15-3b	IGHV3-29	0.0
IGHD3/OR15-3b	IGHV3-30	111.0
IGHD3/OR15-3b	IGHV3-30-2	0.0
IGHD3/OR15-3b	IGHV3-30-22	0.0
IGHD3/OR15-3b	IGHV3-30-3	51.0
IGHD3/OR15-3b	IGHV3-30-33	0.0
IGHD3/OR15-3b	IGHV3-30-5	0.0
IGHD3/OR15-3b	IGHV3-30-52	0.0
IGHD3/OR15-3b	IGHV3-32	0.0
IGHD3/OR15-3b	IGHV3-33	63.0
IGHD3/OR15-3b	IGHV3-33-2	0.0
IGHD3/OR15-3b	IGHV3-35	0.0
IGHD3/OR15-3b	IGHV3-38	2.0
IGHD3/OR15-3b	IGHV3-38-3	2.0
IGHD3/OR15-3b	IGHV3-43	3.0
IGHD3/OR15-3b	IGHV3-43D	7.0
IGHD3/OR15-3b	IGHV3-47	1.0
IGHD3/OR15-3b	IGHV3-48	90.0
IGHD3/OR15-3b	IGHV3-49	9.0
IGHD3/OR15-3b	IGHV3-52	3.0
IGHD3/OR15-3b	IGHV3-53	170.0
IGHD3/OR15-3b	IGHV3-54	0.0
IGHD3/OR15-3b	IGHV3-62	0.0
IGHD3/OR15-3b	IGHV3-63	0.0
IGHD3/OR15-3b	IGHV3-64	14.0
IGHD3/OR15-3b	IGHV3-64D	0.0
IGHD3/OR15-3b	IGHV3-66	26.0
IGHD3/OR15-3b	IGHV3-69-1	8.0
IGHD3/OR15-3b	IGHV3-7	77.0
IGHD3/OR15-3b	IGHV3-71	0.0
IGHD3/OR15-3b	IGHV3-72	4.0
IGHD3/OR15-3b	IGHV3-73	5.0
IGHD3/OR15-3b	IGHV3-74	44.0
IGHD3/OR15-3b	IGHV3-9	43.0
IGHD3/OR15-3b	IGHV3-NL1	0.0
IGHD3/OR15-3b	IGHV3/OR15-7	0.0
IGHD3/OR15-3b	IGHV3/OR16-10	0.0
IGHD3/OR15-3b	IGHV3/OR16-12	0.0
IGHD3/OR15-3b	IGHV3/OR16-13	0.0
IGHD3/OR15-3b	IGHV3/OR16-14	0.0
IGHD3/OR15-3b	IGHV3/OR16-15	0.0
IGHD3/OR15-3b	IGHV3/OR16-16	0.0
IGHD3/OR15-3b	IGHV3/OR16-6	0.0
IGHD3/OR15-3b	IGHV3/OR16-8	0.0
IGHD3/OR15-3b	IGHV3/OR16-9	3.0
IGHD3/OR15-3b	IGHV4-28	0.0
IGHD3/OR15-3b	IGHV4-30-2	42.0
IGHD3/OR15-3b	IGHV4-30-4	17.0
IGHD3/OR15-3b	IGHV4-31	40.0
IGHD3/OR15-3b	IGHV4-34	118.0
IGHD3/OR15-3b	IGHV4-38-2	24.0
IGHD3/OR15-3b	IGHV4-39	89.0
IGHD3/OR15-3b	IGHV4-4	62.0
IGHD3/OR15-3b	IGHV4-55	3.0
IGHD3/OR15-3b	IGHV4-59	130.0
IGHD3/OR15-3b	IGHV4-61	46.0
IGHD3/OR15-3b	IGHV4/OR15-8	0.0
IGHD3/OR15-3b	IGHV5-10-1	18.0
IGHD3/OR15-3b	IGHV5-51	46.0
IGHD3/OR15-3b	IGHV5-78	0.0
IGHD3/OR15-3b	IGHV6-1	40.0
IGHD3/OR15-3b	IGHV7-34-1	34.0
IGHD3/OR15-3b	IGHV7-4-1	26.0
IGHD3/OR15-3b	IGHV7-40	0.0
IGHD3/OR15-3b	IGHV7-81	1.0
IGHD4-11	IGHV1-18	4835.0
IGHD4-11	IGHV1-2	4946.0
IGHD4-11	IGHV1-24	911.0
IGHD4-11	IGHV1-3	2292.0
IGHD4-11	IGHV1-38-4	13.0
IGHD4-11	IGHV1-45	184.0
IGHD4-11	IGHV1-46	2297.0
IGHD4-11	IGHV1-58	463.0
IGHD4-11	IGHV1-68	92.0
IGHD4-11	IGHV1-69	6145.0
IGHD4-11	IGHV1-69-2	60.0
IGHD4-11	IGHV1-69D	25.0
IGHD4-11	IGHV1-8	3396.0
IGHD4-11	IGHV1/OR15-1	31.0
IGHD4-11	IGHV1/OR15-2	304.0
IGHD4-11	IGHV1/OR15-3	25.0
IGHD4-11	IGHV1/OR15-4	50.0
IGHD4-11	IGHV1/OR15-5	57.0
IGHD4-11	IGHV1/OR15-9	62.0
IGHD4-11	IGHV1/OR21-1	14.0
IGHD4-11	IGHV2-10	43.0
IGHD4-11	IGHV2-26	275.0
IGHD4-11	IGHV2-5	1503.0
IGHD4-11	IGHV2-70	439.0
IGHD4-11	IGHV2-70D	11.0
IGHD4-11	IGHV2/OR16-5	1.0
IGHD4-11	IGHV3-11	2273.0
IGHD4-11	IGHV3-13	1702.0
IGHD4-11	IGHV3-15	1658.0
IGHD4-11	IGHV3-16	94.0
IGHD4-11	IGHV3-19	47.0
IGHD4-11	IGHV3-20	758.0
IGHD4-11	IGHV3-21	4896.0
IGHD4-11	IGHV3-22	855.0
IGHD4-11	IGHV3-23	10570.0
IGHD4-11	IGHV3-23D	68.0
IGHD4-11	IGHV3-25	8.0
IGHD4-11	IGHV3-29	0.0
IGHD4-11	IGHV3-30	6872.0
IGHD4-11	IGHV3-30-2	1.0
IGHD4-11	IGHV3-30-22	0.0
IGHD4-11	IGHV3-30-3	2346.0
IGHD4-11	IGHV3-30-33	1.0
IGHD4-11	IGHV3-30-5	284.0
IGHD4-11	IGHV3-30-52	0.0
IGHD4-11	IGHV3-32	0.0
IGHD4-11	IGHV3-33	3581.0
IGHD4-11	IGHV3-33-2	0.0
IGHD4-11	IGHV3-35	165.0
IGHD4-11	IGHV3-38	41.0
IGHD4-11	IGHV3-38-3	366.0
IGHD4-11	IGHV3-43	408.0
IGHD4-11	IGHV3-43D	124.0
IGHD4-11	IGHV3-47	46.0
IGHD4-11	IGHV3-48	3499.0
IGHD4-11	IGHV3-49	722.0
IGHD4-11	IGHV3-52	189.0
IGHD4-11	IGHV3-53	2157.0
IGHD4-11	IGHV3-54	1.0
IGHD4-11	IGHV3-62	74.0
IGHD4-11	IGHV3-63	1.0
IGHD4-11	IGHV3-64	752.0
IGHD4-11	IGHV3-64D	235.0
IGHD4-11	IGHV3-66	1906.0
IGHD4-11	IGHV3-69-1	545.0
IGHD4-11	IGHV3-7	4284.0
IGHD4-11	IGHV3-71	274.0
IGHD4-11	IGHV3-72	274.0
IGHD4-11	IGHV3-73	413.0
IGHD4-11	IGHV3-74	2357.0
IGHD4-11	IGHV3-9	2357.0
IGHD4-11	IGHV3-NL1	31.0
IGHD4-11	IGHV3/OR15-7	2.0
IGHD4-11	IGHV3/OR16-10	12.0
IGHD4-11	IGHV3/OR16-12	1.0
IGHD4-11	IGHV3/OR16-13	11.0
IGHD4-11	IGHV3/OR16-14	4.0
IGHD4-11	IGHV3/OR16-15	25.0
IGHD4-11	IGHV3/OR16-16	0.0
IGHD4-11	IGHV3/OR16-6	0.0
IGHD4-11	IGHV3/OR16-8	20.0
IGHD4-11	IGHV3/OR16-9	16.0
IGHD4-11	IGHV4-28	88.0
IGHD4-11	IGHV4-30-2	1545.0
IGHD4-11	IGHV4-30-4	1373.0
IGHD4-11	IGHV4-31	2658.0
IGHD4-11	IGHV4-34	7735.0
IGHD4-11	IGHV4-38-2	1689.0
IGHD4-11	IGHV4-39	5770.0
IGHD4-11	IGHV4-4	3756.0
IGHD4-11	IGHV4-55	509.0
IGHD4-11	IGHV4-59	7902.0
IGHD4-11	IGHV4-61	2091.0
IGHD4-11	IGHV4/OR15-8	48.0
IGHD4-11	IGHV5-10-1	617.0
IGHD4-11	IGHV5-51	3261.0
IGHD4-11	IGHV5-78	2.0
IGHD4-11	IGHV6-1	1942.0
IGHD4-11	IGHV7-34-1	82.0
IGHD4-11	IGHV7-4-1	1254.0
IGHD4-11	IGHV7-40	4.0
IGHD4-11	IGHV7-81	237.0
IGHD4-17	IGHV1-18	20831.0
IGHD4-17	IGHV1-2	17348.0
IGHD4-17	IGHV1-24	3666.0
IGHD4-17	IGHV1-3	7845.0
IGHD4-17	IGHV1-38-4	43.0
IGHD4-17	IGHV1-45	533.0
IGHD4-17	IGHV1-46	8500.0
IGHD4-17	IGHV1-58	1573.0
IGHD4-17	IGHV1-68	338.0
IGHD4-17	IGHV1-69	21563.0
IGHD4-17	IGHV1-69-2	175.0
IGHD4-17	IGHV1-69D	99.0
IGHD4-17	IGHV1-8	11049.0
IGHD4-17	IGHV1/OR15-1	53.0
IGHD4-17	IGHV1/OR15-2	801.0
IGHD4-17	IGHV1/OR15-3	34.0
IGHD4-17	IGHV1/OR15-4	138.0
IGHD4-17	IGHV1/OR15-5	70.0
IGHD4-17	IGHV1/OR15-9	152.0
IGHD4-17	IGHV1/OR21-1	17.0
IGHD4-17	IGHV2-10	84.0
IGHD4-17	IGHV2-26	745.0
IGHD4-17	IGHV2-5	6110.0
IGHD4-17	IGHV2-70	1437.0
IGHD4-17	IGHV2-70D	13.0
IGHD4-17	IGHV2/OR16-5	3.0
IGHD4-17	IGHV3-11	8960.0
IGHD4-17	IGHV3-13	6335.0
IGHD4-17	IGHV3-15	7335.0
IGHD4-17	IGHV3-16	90.0
IGHD4-17	IGHV3-19	134.0
IGHD4-17	IGHV3-20	2813.0
IGHD4-17	IGHV3-21	19035.0
IGHD4-17	IGHV3-22	3674.0
IGHD4-17	IGHV3-23	42381.0
IGHD4-17	IGHV3-23D	303.0
IGHD4-17	IGHV3-25	20.0
IGHD4-17	IGHV3-29	3.0
IGHD4-17	IGHV3-30	27311.0
IGHD4-17	IGHV3-30-2	266.0
IGHD4-17	IGHV3-30-22	2.0
IGHD4-17	IGHV3-30-3	8838.0
IGHD4-17	IGHV3-30-33	26.0
IGHD4-17	IGHV3-30-5	1001.0
IGHD4-17	IGHV3-30-52	1.0
IGHD4-17	IGHV3-32	1.0
IGHD4-17	IGHV3-33	13631.0
IGHD4-17	IGHV3-33-2	16.0
IGHD4-17	IGHV3-35	607.0
IGHD4-17	IGHV3-38	153.0
IGHD4-17	IGHV3-38-3	1543.0
IGHD4-17	IGHV3-43	1289.0
IGHD4-17	IGHV3-43D	533.0
IGHD4-17	IGHV3-47	197.0
IGHD4-17	IGHV3-48	14656.0
IGHD4-17	IGHV3-49	2749.0
IGHD4-17	IGHV3-52	715.0
IGHD4-17	IGHV3-53	9424.0
IGHD4-17	IGHV3-54	3.0
IGHD4-17	IGHV3-62	118.0
IGHD4-17	IGHV3-63	0.0
IGHD4-17	IGHV3-64	2859.0
IGHD4-17	IGHV3-64D	796.0
IGHD4-17	IGHV3-66	8225.0
IGHD4-17	IGHV3-69-1	2003.0
IGHD4-17	IGHV3-7	15446.0
IGHD4-17	IGHV3-71	913.0
IGHD4-17	IGHV3-72	1215.0
IGHD4-17	IGHV3-73	2075.0
IGHD4-17	IGHV3-74	8336.0
IGHD4-17	IGHV3-9	8396.0
IGHD4-17	IGHV3-NL1	74.0
IGHD4-17	IGHV3/OR15-7	8.0
IGHD4-17	IGHV3/OR16-10	41.0
IGHD4-17	IGHV3/OR16-12	9.0
IGHD4-17	IGHV3/OR16-13	55.0
IGHD4-17	IGHV3/OR16-14	9.0
IGHD4-17	IGHV3/OR16-15	29.0
IGHD4-17	IGHV3/OR16-16	6.0
IGHD4-17	IGHV3/OR16-6	0.0
IGHD4-17	IGHV3/OR16-8	52.0
IGHD4-17	IGHV3/OR16-9	45.0
IGHD4-17	IGHV4-28	456.0
IGHD4-17	IGHV4-30-2	6199.0
IGHD4-17	IGHV4-30-4	5941.0
IGHD4-17	IGHV4-31	11030.0
IGHD4-17	IGHV4-34	30600.0
IGHD4-17	IGHV4-38-2	4864.0
IGHD4-17	IGHV4-39	22424.0
IGHD4-17	IGHV4-4	13214.0
IGHD4-17	IGHV4-55	1008.0
IGHD4-17	IGHV4-59	35596.0
IGHD4-17	IGHV4-61	7445.0
IGHD4-17	IGHV4/OR15-8	145.0
IGHD4-17	IGHV5-10-1	2775.0
IGHD4-17	IGHV5-51	12374.0
IGHD4-17	IGHV5-78	7.0
IGHD4-17	IGHV6-1	5449.0
IGHD4-17	IGHV7-34-1	2028.0
IGHD4-17	IGHV7-4-1	4414.0
IGHD4-17	IGHV7-40	17.0
IGHD4-17	IGHV7-81	980.0
IGHD4-23	IGHV1-18	6957.0
IGHD4-23	IGHV1-2	6181.0
IGHD4-23	IGHV1-24	1458.0
IGHD4-23	IGHV1-3	2269.0
IGHD4-23	IGHV1-38-4	16.0
IGHD4-23	IGHV1-45	202.0
IGHD4-23	IGHV1-46	3845.0
IGHD4-23	IGHV1-58	610.0
IGHD4-23	IGHV1-68	98.0
IGHD4-23	IGHV1-69	9556.0
IGHD4-23	IGHV1-69-2	83.0
IGHD4-23	IGHV1-69D	43.0
IGHD4-23	IGHV1-8	3597.0
IGHD4-23	IGHV1/OR15-1	21.0
IGHD4-23	IGHV1/OR15-2	230.0
IGHD4-23	IGHV1/OR15-3	18.0
IGHD4-23	IGHV1/OR15-4	53.0
IGHD4-23	IGHV1/OR15-5	32.0
IGHD4-23	IGHV1/OR15-9	61.0
IGHD4-23	IGHV1/OR21-1	5.0
IGHD4-23	IGHV2-10	32.0
IGHD4-23	IGHV2-26	285.0
IGHD4-23	IGHV2-5	1781.0
IGHD4-23	IGHV2-70	584.0
IGHD4-23	IGHV2-70D	8.0
IGHD4-23	IGHV2/OR16-5	3.0
IGHD4-23	IGHV3-11	3574.0
IGHD4-23	IGHV3-13	1842.0
IGHD4-23	IGHV3-15	2240.0
IGHD4-23	IGHV3-16	22.0
IGHD4-23	IGHV3-19	19.0
IGHD4-23	IGHV3-20	836.0
IGHD4-23	IGHV3-21	6657.0
IGHD4-23	IGHV3-22	866.0
IGHD4-23	IGHV3-23	14137.0
IGHD4-23	IGHV3-23D	110.0
IGHD4-23	IGHV3-25	10.0
IGHD4-23	IGHV3-29	0.0
IGHD4-23	IGHV3-30	9849.0
IGHD4-23	IGHV3-30-2	7.0
IGHD4-23	IGHV3-30-22	1.0
IGHD4-23	IGHV3-30-3	3528.0
IGHD4-23	IGHV3-30-33	1.0
IGHD4-23	IGHV3-30-5	263.0
IGHD4-23	IGHV3-30-52	0.0
IGHD4-23	IGHV3-32	0.0
IGHD4-23	IGHV3-33	4396.0
IGHD4-23	IGHV3-33-2	1.0
IGHD4-23	IGHV3-35	174.0
IGHD4-23	IGHV3-38	62.0
IGHD4-23	IGHV3-38-3	428.0
IGHD4-23	IGHV3-43	596.0
IGHD4-23	IGHV3-43D	223.0
IGHD4-23	IGHV3-47	55.0
IGHD4-23	IGHV3-48	5367.0
IGHD4-23	IGHV3-49	754.0
IGHD4-23	IGHV3-52	169.0
IGHD4-23	IGHV3-53	3738.0
IGHD4-23	IGHV3-54	2.0
IGHD4-23	IGHV3-62	10.0
IGHD4-23	IGHV3-63	0.0
IGHD4-23	IGHV3-64	924.0
IGHD4-23	IGHV3-64D	300.0
IGHD4-23	IGHV3-66	2845.0
IGHD4-23	IGHV3-69-1	737.0
IGHD4-23	IGHV3-7	5962.0
IGHD4-23	IGHV3-71	313.0
IGHD4-23	IGHV3-72	483.0
IGHD4-23	IGHV3-73	689.0
IGHD4-23	IGHV3-74	3778.0
IGHD4-23	IGHV3-9	2781.0
IGHD4-23	IGHV3-NL1	19.0
IGHD4-23	IGHV3/OR15-7	10.0
IGHD4-23	IGHV3/OR16-10	23.0
IGHD4-23	IGHV3/OR16-12	10.0
IGHD4-23	IGHV3/OR16-13	16.0
IGHD4-23	IGHV3/OR16-14	2.0
IGHD4-23	IGHV3/OR16-15	10.0
IGHD4-23	IGHV3/OR16-16	3.0
IGHD4-23	IGHV3/OR16-6	0.0
IGHD4-23	IGHV3/OR16-8	11.0
IGHD4-23	IGHV3/OR16-9	15.0
IGHD4-23	IGHV4-28	163.0
IGHD4-23	IGHV4-30-2	2370.0
IGHD4-23	IGHV4-30-4	2860.0
IGHD4-23	IGHV4-31	4041.0
IGHD4-23	IGHV4-34	10305.0
IGHD4-23	IGHV4-38-2	2152.0
IGHD4-23	IGHV4-39	8557.0
IGHD4-23	IGHV4-4	4705.0
IGHD4-23	IGHV4-55	410.0
IGHD4-23	IGHV4-59	13792.0
IGHD4-23	IGHV4-61	3336.0
IGHD4-23	IGHV4/OR15-8	88.0
IGHD4-23	IGHV5-10-1	1379.0
IGHD4-23	IGHV5-51	5840.0
IGHD4-23	IGHV5-78	7.0
IGHD4-23	IGHV6-1	2581.0
IGHD4-23	IGHV7-34-1	69.0
IGHD4-23	IGHV7-4-1	1540.0
IGHD4-23	IGHV7-40	8.0
IGHD4-23	IGHV7-81	304.0
IGHD4-4	IGHV1-18	204.0
IGHD4-4	IGHV1-2	184.0
IGHD4-4	IGHV1-24	28.0
IGHD4-4	IGHV1-3	80.0
IGHD4-4	IGHV1-38-4	1.0
IGHD4-4	IGHV1-45	0.0
IGHD4-4	IGHV1-46	75.0
IGHD4-4	IGHV1-58	21.0
IGHD4-4	IGHV1-68	4.0
IGHD4-4	IGHV1-69	183.0
IGHD4-4	IGHV1-69-2	4.0
IGHD4-4	IGHV1-69D	1.0
IGHD4-4	IGHV1-8	85.0
IGHD4-4	IGHV1/OR15-1	0.0
IGHD4-4	IGHV1/OR15-2	6.0
IGHD4-4	IGHV1/OR15-3	0.0
IGHD4-4	IGHV1/OR15-4	0.0
IGHD4-4	IGHV1/OR15-5	1.0
IGHD4-4	IGHV1/OR15-9	0.0
IGHD4-4	IGHV1/OR21-1	0.0
IGHD4-4	IGHV2-10	1.0
IGHD4-4	IGHV2-26	11.0
IGHD4-4	IGHV2-5	65.0
IGHD4-4	IGHV2-70	17.0
IGHD4-4	IGHV2-70D	1.0
IGHD4-4	IGHV2/OR16-5	0.0
IGHD4-4	IGHV3-11	69.0
IGHD4-4	IGHV3-13	35.0
IGHD4-4	IGHV3-15	69.0
IGHD4-4	IGHV3-16	0.0
IGHD4-4	IGHV3-19	1.0
IGHD4-4	IGHV3-20	22.0
IGHD4-4	IGHV3-21	164.0
IGHD4-4	IGHV3-22	23.0
IGHD4-4	IGHV3-23	337.0
IGHD4-4	IGHV3-23D	0.0
IGHD4-4	IGHV3-25	0.0
IGHD4-4	IGHV3-29	0.0
IGHD4-4	IGHV3-30	210.0
IGHD4-4	IGHV3-30-2	0.0
IGHD4-4	IGHV3-30-22	0.0
IGHD4-4	IGHV3-30-3	69.0
IGHD4-4	IGHV3-30-33	0.0
IGHD4-4	IGHV3-30-5	10.0
IGHD4-4	IGHV3-30-52	0.0
IGHD4-4	IGHV3-32	0.0
IGHD4-4	IGHV3-33	96.0
IGHD4-4	IGHV3-33-2	0.0
IGHD4-4	IGHV3-35	1.0
IGHD4-4	IGHV3-38	1.0
IGHD4-4	IGHV3-38-3	15.0
IGHD4-4	IGHV3-43	9.0
IGHD4-4	IGHV3-43D	3.0
IGHD4-4	IGHV3-47	2.0
IGHD4-4	IGHV3-48	153.0
IGHD4-4	IGHV3-49	15.0
IGHD4-4	IGHV3-52	1.0
IGHD4-4	IGHV3-53	77.0
IGHD4-4	IGHV3-54	0.0
IGHD4-4	IGHV3-62	0.0
IGHD4-4	IGHV3-63	0.0
IGHD4-4	IGHV3-64	15.0
IGHD4-4	IGHV3-64D	2.0
IGHD4-4	IGHV3-66	54.0
IGHD4-4	IGHV3-69-1	27.0
IGHD4-4	IGHV3-7	175.0
IGHD4-4	IGHV3-71	5.0
IGHD4-4	IGHV3-72	6.0
IGHD4-4	IGHV3-73	7.0
IGHD4-4	IGHV3-74	65.0
IGHD4-4	IGHV3-9	109.0
IGHD4-4	IGHV3-NL1	0.0
IGHD4-4	IGHV3/OR15-7	0.0
IGHD4-4	IGHV3/OR16-10	0.0
IGHD4-4	IGHV3/OR16-12	0.0
IGHD4-4	IGHV3/OR16-13	0.0
IGHD4-4	IGHV3/OR16-14	0.0
IGHD4-4	IGHV3/OR16-15	0.0
IGHD4-4	IGHV3/OR16-16	0.0
IGHD4-4	IGHV3/OR16-6	0.0
IGHD4-4	IGHV3/OR16-8	0.0
IGHD4-4	IGHV3/OR16-9	0.0
IGHD4-4	IGHV4-28	3.0
IGHD4-4	IGHV4-30-2	40.0
IGHD4-4	IGHV4-30-4	41.0
IGHD4-4	IGHV4-31	77.0
IGHD4-4	IGHV4-34	212.0
IGHD4-4	IGHV4-38-2	40.0
IGHD4-4	IGHV4-39	195.0
IGHD4-4	IGHV4-4	134.0
IGHD4-4	IGHV4-55	7.0
IGHD4-4	IGHV4-59	251.0
IGHD4-4	IGHV4-61	67.0
IGHD4-4	IGHV4/OR15-8	5.0
IGHD4-4	IGHV5-10-1	25.0
IGHD4-4	IGHV5-51	134.0
IGHD4-4	IGHV5-78	0.0
IGHD4-4	IGHV6-1	59.0
IGHD4-4	IGHV7-34-1	6.0
IGHD4-4	IGHV7-4-1	56.0
IGHD4-4	IGHV7-40	0.0
IGHD4-4	IGHV7-81	1.0
IGHD4/OR15-4a	IGHV1-18	1976.0
IGHD4/OR15-4a	IGHV1-2	1832.0
IGHD4/OR15-4a	IGHV1-24	330.0
IGHD4/OR15-4a	IGHV1-3	768.0
IGHD4/OR15-4a	IGHV1-38-4	12.0
IGHD4/OR15-4a	IGHV1-45	55.0
IGHD4/OR15-4a	IGHV1-46	778.0
IGHD4/OR15-4a	IGHV1-58	125.0
IGHD4/OR15-4a	IGHV1-68	8.0
IGHD4/OR15-4a	IGHV1-69	1904.0
IGHD4/OR15-4a	IGHV1-69-2	39.0
IGHD4/OR15-4a	IGHV1-69D	5.0
IGHD4/OR15-4a	IGHV1-8	994.0
IGHD4/OR15-4a	IGHV1/OR15-1	24.0
IGHD4/OR15-4a	IGHV1/OR15-2	73.0
IGHD4/OR15-4a	IGHV1/OR15-3	5.0
IGHD4/OR15-4a	IGHV1/OR15-4	16.0
IGHD4/OR15-4a	IGHV1/OR15-5	6.0
IGHD4/OR15-4a	IGHV1/OR15-9	17.0
IGHD4/OR15-4a	IGHV1/OR21-1	2.0
IGHD4/OR15-4a	IGHV2-10	15.0
IGHD4/OR15-4a	IGHV2-26	111.0
IGHD4/OR15-4a	IGHV2-5	644.0
IGHD4/OR15-4a	IGHV2-70	163.0
IGHD4/OR15-4a	IGHV2-70D	3.0
IGHD4/OR15-4a	IGHV2/OR16-5	0.0
IGHD4/OR15-4a	IGHV3-11	862.0
IGHD4/OR15-4a	IGHV3-13	751.0
IGHD4/OR15-4a	IGHV3-15	820.0
IGHD4/OR15-4a	IGHV3-16	16.0
IGHD4/OR15-4a	IGHV3-19	4.0
IGHD4/OR15-4a	IGHV3-20	302.0
IGHD4/OR15-4a	IGHV3-21	1891.0
IGHD4/OR15-4a	IGHV3-22	183.0
IGHD4/OR15-4a	IGHV3-23	4330.0
IGHD4/OR15-4a	IGHV3-23D	29.0
IGHD4/OR15-4a	IGHV3-25	3.0
IGHD4/OR15-4a	IGHV3-29	0.0
IGHD4/OR15-4a	IGHV3-30	2772.0
IGHD4/OR15-4a	IGHV3-30-2	0.0
IGHD4/OR15-4a	IGHV3-30-22	0.0
IGHD4/OR15-4a	IGHV3-30-3	797.0
IGHD4/OR15-4a	IGHV3-30-33	0.0
IGHD4/OR15-4a	IGHV3-30-5	85.0
IGHD4/OR15-4a	IGHV3-30-52	0.0
IGHD4/OR15-4a	IGHV3-32	0.0
IGHD4/OR15-4a	IGHV3-33	1161.0
IGHD4/OR15-4a	IGHV3-33-2	0.0
IGHD4/OR15-4a	IGHV3-35	30.0
IGHD4/OR15-4a	IGHV3-38	35.0
IGHD4/OR15-4a	IGHV3-38-3	319.0
IGHD4/OR15-4a	IGHV3-43	152.0
IGHD4/OR15-4a	IGHV3-43D	54.0
IGHD4/OR15-4a	IGHV3-47	9.0
IGHD4/OR15-4a	IGHV3-48	1417.0
IGHD4/OR15-4a	IGHV3-49	285.0
IGHD4/OR15-4a	IGHV3-52	33.0
IGHD4/OR15-4a	IGHV3-53	1051.0
IGHD4/OR15-4a	IGHV3-54	4.0
IGHD4/OR15-4a	IGHV3-62	3.0
IGHD4/OR15-4a	IGHV3-63	0.0
IGHD4/OR15-4a	IGHV3-64	254.0
IGHD4/OR15-4a	IGHV3-64D	121.0
IGHD4/OR15-4a	IGHV3-66	814.0
IGHD4/OR15-4a	IGHV3-69-1	235.0
IGHD4/OR15-4a	IGHV3-7	2158.0
IGHD4/OR15-4a	IGHV3-71	107.0
IGHD4/OR15-4a	IGHV3-72	152.0
IGHD4/OR15-4a	IGHV3-73	151.0
IGHD4/OR15-4a	IGHV3-74	1134.0
IGHD4/OR15-4a	IGHV3-9	871.0
IGHD4/OR15-4a	IGHV3-NL1	25.0
IGHD4/OR15-4a	IGHV3/OR15-7	9.0
IGHD4/OR15-4a	IGHV3/OR16-10	11.0
IGHD4/OR15-4a	IGHV3/OR16-12	6.0
IGHD4/OR15-4a	IGHV3/OR16-13	7.0
IGHD4/OR15-4a	IGHV3/OR16-14	0.0
IGHD4/OR15-4a	IGHV3/OR16-15	8.0
IGHD4/OR15-4a	IGHV3/OR16-16	2.0
IGHD4/OR15-4a	IGHV3/OR16-6	0.0
IGHD4/OR15-4a	IGHV3/OR16-8	8.0
IGHD4/OR15-4a	IGHV3/OR16-9	4.0
IGHD4/OR15-4a	IGHV4-28	73.0
IGHD4/OR15-4a	IGHV4-30-2	501.0
IGHD4/OR15-4a	IGHV4-30-4	563.0
IGHD4/OR15-4a	IGHV4-31	852.0
IGHD4/OR15-4a	IGHV4-34	2703.0
IGHD4/OR15-4a	IGHV4-38-2	524.0
IGHD4/OR15-4a	IGHV4-39	2282.0
IGHD4/OR15-4a	IGHV4-4	1314.0
IGHD4/OR15-4a	IGHV4-55	89.0
IGHD4/OR15-4a	IGHV4-59	3558.0
IGHD4/OR15-4a	IGHV4-61	897.0
IGHD4/OR15-4a	IGHV4/OR15-8	35.0
IGHD4/OR15-4a	IGHV5-10-1	428.0
IGHD4/OR15-4a	IGHV5-51	1485.0
IGHD4/OR15-4a	IGHV5-78	6.0
IGHD4/OR15-4a	IGHV6-1	863.0
IGHD4/OR15-4a	IGHV7-34-1	171.0
IGHD4/OR15-4a	IGHV7-4-1	542.0
IGHD4/OR15-4a	IGHV7-40	5.0
IGHD4/OR15-4a	IGHV7-81	77.0
IGHD5-12	IGHV1-18	13395.0
IGHD5-12	IGHV1-2	14718.0
IGHD5-12	IGHV1-24	2378.0
IGHD5-12	IGHV1-3	6137.0
IGHD5-12	IGHV1-38-4	33.0
IGHD5-12	IGHV1-45	387.0
IGHD5-12	IGHV1-46	5724.0
IGHD5-12	IGHV1-58	1186.0
IGHD5-12	IGHV1-68	162.0
IGHD5-12	IGHV1-69	16581.0
IGHD5-12	IGHV1-69-2	134.0
IGHD5-12	IGHV1-69D	43.0
IGHD5-12	IGHV1-8	7778.0
IGHD5-12	IGHV1/OR15-1	32.0
IGHD5-12	IGHV1/OR15-2	810.0
IGHD5-12	IGHV1/OR15-3	20.0
IGHD5-12	IGHV1/OR15-4	113.0
IGHD5-12	IGHV1/OR15-5	15.0
IGHD5-12	IGHV1/OR15-9	147.0
IGHD5-12	IGHV1/OR21-1	7.0
IGHD5-12	IGHV2-10	56.0
IGHD5-12	IGHV2-26	431.0
IGHD5-12	IGHV2-5	3353.0
IGHD5-12	IGHV2-70	938.0
IGHD5-12	IGHV2-70D	16.0
IGHD5-12	IGHV2/OR16-5	3.0
IGHD5-12	IGHV3-11	6640.0
IGHD5-12	IGHV3-13	3991.0
IGHD5-12	IGHV3-15	4015.0
IGHD5-12	IGHV3-16	10.0
IGHD5-12	IGHV3-19	61.0
IGHD5-12	IGHV3-20	1864.0
IGHD5-12	IGHV3-21	13180.0
IGHD5-12	IGHV3-22	1863.0
IGHD5-12	IGHV3-23	26433.0
IGHD5-12	IGHV3-23D	155.0
IGHD5-12	IGHV3-25	13.0
IGHD5-12	IGHV3-29	0.0
IGHD5-12	IGHV3-30	18078.0
IGHD5-12	IGHV3-30-2	0.0
IGHD5-12	IGHV3-30-22	0.0
IGHD5-12	IGHV3-30-3	5241.0
IGHD5-12	IGHV3-30-33	0.0
IGHD5-12	IGHV3-30-5	649.0
IGHD5-12	IGHV3-30-52	0.0
IGHD5-12	IGHV3-32	1.0
IGHD5-12	IGHV3-33	7704.0
IGHD5-12	IGHV3-33-2	1.0
IGHD5-12	IGHV3-35	271.0
IGHD5-12	IGHV3-38	138.0
IGHD5-12	IGHV3-38-3	955.0
IGHD5-12	IGHV3-43	1136.0
IGHD5-12	IGHV3-43D	351.0
IGHD5-12	IGHV3-47	102.0
IGHD5-12	IGHV3-48	9228.0
IGHD5-12	IGHV3-49	1827.0
IGHD5-12	IGHV3-52	273.0
IGHD5-12	IGHV3-53	5629.0
IGHD5-12	IGHV3-54	0.0
IGHD5-12	IGHV3-62	22.0
IGHD5-12	IGHV3-63	0.0
IGHD5-12	IGHV3-64	2182.0
IGHD5-12	IGHV3-64D	668.0
IGHD5-12	IGHV3-66	5441.0
IGHD5-12	IGHV3-69-1	1374.0
IGHD5-12	IGHV3-7	11910.0
IGHD5-12	IGHV3-71	703.0
IGHD5-12	IGHV3-72	741.0
IGHD5-12	IGHV3-73	1251.0
IGHD5-12	IGHV3-74	5910.0
IGHD5-12	IGHV3-9	6430.0
IGHD5-12	IGHV3-NL1	46.0
IGHD5-12	IGHV3/OR15-7	6.0
IGHD5-12	IGHV3/OR16-10	20.0
IGHD5-12	IGHV3/OR16-12	11.0
IGHD5-12	IGHV3/OR16-13	33.0
IGHD5-12	IGHV3/OR16-14	5.0
IGHD5-12	IGHV3/OR16-15	12.0
IGHD5-12	IGHV3/OR16-16	5.0
IGHD5-12	IGHV3/OR16-6	0.0
IGHD5-12	IGHV3/OR16-8	28.0
IGHD5-12	IGHV3/OR16-9	23.0
IGHD5-12	IGHV4-28	262.0
IGHD5-12	IGHV4-30-2	2904.0
IGHD5-12	IGHV4-30-4	2922.0
IGHD5-12	IGHV4-31	6195.0
IGHD5-12	IGHV4-34	19921.0
IGHD5-12	IGHV4-38-2	3159.0
IGHD5-12	IGHV4-39	14325.0
IGHD5-12	IGHV4-4	8111.0
IGHD5-12	IGHV4-55	526.0
IGHD5-12	IGHV4-59	23946.0
IGHD5-12	IGHV4-61	4992.0
IGHD5-12	IGHV4/OR15-8	127.0
IGHD5-12	IGHV5-10-1	1967.0
IGHD5-12	IGHV5-51	9211.0
IGHD5-12	IGHV5-78	12.0
IGHD5-12	IGHV6-1	11181.0
IGHD5-12	IGHV7-34-1	153.0
IGHD5-12	IGHV7-4-1	3309.0
IGHD5-12	IGHV7-40	4.0
IGHD5-12	IGHV7-81	418.0
IGHD5-18	IGHV1-18	14219.0
IGHD5-18	IGHV1-2	15203.0
IGHD5-18	IGHV1-24	2582.0
IGHD5-18	IGHV1-3	6163.0
IGHD5-18	IGHV1-38-4	39.0
IGHD5-18	IGHV1-45	329.0
IGHD5-18	IGHV1-46	7745.0
IGHD5-18	IGHV1-58	1254.0
IGHD5-18	IGHV1-68	93.0
IGHD5-18	IGHV1-69	20016.0
IGHD5-18	IGHV1-69-2	158.0
IGHD5-18	IGHV1-69D	79.0
IGHD5-18	IGHV1-8	7552.0
IGHD5-18	IGHV1/OR15-1	52.0
IGHD5-18	IGHV1/OR15-2	571.0
IGHD5-18	IGHV1/OR15-3	33.0
IGHD5-18	IGHV1/OR15-4	105.0
IGHD5-18	IGHV1/OR15-5	14.0
IGHD5-18	IGHV1/OR15-9	78.0
IGHD5-18	IGHV1/OR21-1	4.0
IGHD5-18	IGHV2-10	80.0
IGHD5-18	IGHV2-26	593.0
IGHD5-18	IGHV2-5	4149.0
IGHD5-18	IGHV2-70	1098.0
IGHD5-18	IGHV2-70D	22.0
IGHD5-18	IGHV2/OR16-5	3.0
IGHD5-18	IGHV3-11	6978.0
IGHD5-18	IGHV3-13	3381.0
IGHD5-18	IGHV3-15	4247.0
IGHD5-18	IGHV3-16	7.0
IGHD5-18	IGHV3-19	54.0
IGHD5-18	IGHV3-20	1785.0
IGHD5-18	IGHV3-21	14039.0
IGHD5-18	IGHV3-22	1290.0
IGHD5-18	IGHV3-23	30445.0
IGHD5-18	IGHV3-23D	192.0
IGHD5-18	IGHV3-25	14.0
IGHD5-18	IGHV3-29	2.0
IGHD5-18	IGHV3-30	21378.0
IGHD5-18	IGHV3-30-2	0.0
IGHD5-18	IGHV3-30-22	0.0
IGHD5-18	IGHV3-30-3	8123.0
IGHD5-18	IGHV3-30-33	0.0
IGHD5-18	IGHV3-30-5	653.0
IGHD5-18	IGHV3-30-52	0.0
IGHD5-18	IGHV3-32	2.0
IGHD5-18	IGHV3-33	8772.0
IGHD5-18	IGHV3-33-2	1.0
IGHD5-18	IGHV3-35	170.0
IGHD5-18	IGHV3-38	72.0
IGHD5-18	IGHV3-38-3	857.0
IGHD5-18	IGHV3-43	1304.0
IGHD5-18	IGHV3-43D	543.0
IGHD5-18	IGHV3-47	69.0
IGHD5-18	IGHV3-48	10560.0
IGHD5-18	IGHV3-49	1951.0
IGHD5-18	IGHV3-52	327.0
IGHD5-18	IGHV3-53	6313.0
IGHD5-18	IGHV3-54	4.0
IGHD5-18	IGHV3-62	8.0
IGHD5-18	IGHV3-63	1.0
IGHD5-18	IGHV3-64	1903.0
IGHD5-18	IGHV3-64D	870.0
IGHD5-18	IGHV3-66	5411.0
IGHD5-18	IGHV3-69-1	1510.0
IGHD5-18	IGHV3-7	12845.0
IGHD5-18	IGHV3-71	548.0
IGHD5-18	IGHV3-72	681.0
IGHD5-18	IGHV3-73	1210.0
IGHD5-18	IGHV3-74	7023.0
IGHD5-18	IGHV3-9	6106.0
IGHD5-18	IGHV3-NL1	47.0
IGHD5-18	IGHV3/OR15-7	6.0
IGHD5-18	IGHV3/OR16-10	31.0
IGHD5-18	IGHV3/OR16-12	8.0
IGHD5-18	IGHV3/OR16-13	26.0
IGHD5-18	IGHV3/OR16-14	5.0
IGHD5-18	IGHV3/OR16-15	3.0
IGHD5-18	IGHV3/OR16-16	6.0
IGHD5-18	IGHV3/OR16-6	0.0
IGHD5-18	IGHV3/OR16-8	19.0
IGHD5-18	IGHV3/OR16-9	31.0
IGHD5-18	IGHV4-28	199.0
IGHD5-18	IGHV4-30-2	3576.0
IGHD5-18	IGHV4-30-4	3898.0
IGHD5-18	IGHV4-31	6905.0
IGHD5-18	IGHV4-34	24373.0
IGHD5-18	IGHV4-38-2	3955.0
IGHD5-18	IGHV4-39	18423.0
IGHD5-18	IGHV4-4	9500.0
IGHD5-18	IGHV4-55	494.0
IGHD5-18	IGHV4-59	28102.0
IGHD5-18	IGHV4-61	6873.0
IGHD5-18	IGHV4/OR15-8	119.0
IGHD5-18	IGHV5-10-1	2579.0
IGHD5-18	IGHV5-51	11161.0
IGHD5-18	IGHV5-78	3.0
IGHD5-18	IGHV6-1	6006.0
IGHD5-18	IGHV7-34-1	95.0
IGHD5-18	IGHV7-4-1	3461.0
IGHD5-18	IGHV7-40	4.0
IGHD5-18	IGHV7-81	341.0
IGHD5-24	IGHV1-18	7647.0
IGHD5-24	IGHV1-2	8376.0
IGHD5-24	IGHV1-24	1492.0
IGHD5-24	IGHV1-3	2898.0
IGHD5-24	IGHV1-38-4	21.0
IGHD5-24	IGHV1-45	179.0
IGHD5-24	IGHV1-46	5345.0
IGHD5-24	IGHV1-58	660.0
IGHD5-24	IGHV1-68	84.0
IGHD5-24	IGHV1-69	14908.0
IGHD5-24	IGHV1-69-2	98.0
IGHD5-24	IGHV1-69D	49.0
IGHD5-24	IGHV1-8	4072.0
IGHD5-24	IGHV1/OR15-1	45.0
IGHD5-24	IGHV1/OR15-2	250.0
IGHD5-24	IGHV1/OR15-3	23.0
IGHD5-24	IGHV1/OR15-4	59.0
IGHD5-24	IGHV1/OR15-5	15.0
IGHD5-24	IGHV1/OR15-9	65.0
IGHD5-24	IGHV1/OR21-1	6.0
IGHD5-24	IGHV2-10	44.0
IGHD5-24	IGHV2-26	391.0
IGHD5-24	IGHV2-5	2409.0
IGHD5-24	IGHV2-70	639.0
IGHD5-24	IGHV2-70D	15.0
IGHD5-24	IGHV2/OR16-5	0.0
IGHD5-24	IGHV3-11	4364.0
IGHD5-24	IGHV3-13	1940.0
IGHD5-24	IGHV3-15	2386.0
IGHD5-24	IGHV3-16	9.0
IGHD5-24	IGHV3-19	25.0
IGHD5-24	IGHV3-20	1057.0
IGHD5-24	IGHV3-21	8454.0
IGHD5-24	IGHV3-22	661.0
IGHD5-24	IGHV3-23	16510.0
IGHD5-24	IGHV3-23D	107.0
IGHD5-24	IGHV3-25	21.0
IGHD5-24	IGHV3-29	0.0
IGHD5-24	IGHV3-30	12532.0
IGHD5-24	IGHV3-30-2	1.0
IGHD5-24	IGHV3-30-22	1.0
IGHD5-24	IGHV3-30-3	4659.0
IGHD5-24	IGHV3-30-33	1.0
IGHD5-24	IGHV3-30-5	313.0
IGHD5-24	IGHV3-30-52	0.0
IGHD5-24	IGHV3-32	1.0
IGHD5-24	IGHV3-33	4946.0
IGHD5-24	IGHV3-33-2	1.0
IGHD5-24	IGHV3-35	74.0
IGHD5-24	IGHV3-38	60.0
IGHD5-24	IGHV3-38-3	633.0
IGHD5-24	IGHV3-43	1014.0
IGHD5-24	IGHV3-43D	298.0
IGHD5-24	IGHV3-47	42.0
IGHD5-24	IGHV3-48	6237.0
IGHD5-24	IGHV3-49	1522.0
IGHD5-24	IGHV3-52	127.0
IGHD5-24	IGHV3-53	4478.0
IGHD5-24	IGHV3-54	5.0
IGHD5-24	IGHV3-62	10.0
IGHD5-24	IGHV3-63	0.0
IGHD5-24	IGHV3-64	1410.0
IGHD5-24	IGHV3-64D	576.0
IGHD5-24	IGHV3-66	3295.0
IGHD5-24	IGHV3-69-1	896.0
IGHD5-24	IGHV3-7	7898.0
IGHD5-24	IGHV3-71	378.0
IGHD5-24	IGHV3-72	422.0
IGHD5-24	IGHV3-73	770.0
IGHD5-24	IGHV3-74	4446.0
IGHD5-24	IGHV3-9	3496.0
IGHD5-24	IGHV3-NL1	26.0
IGHD5-24	IGHV3/OR15-7	6.0
IGHD5-24	IGHV3/OR16-10	17.0
IGHD5-24	IGHV3/OR16-12	7.0
IGHD5-24	IGHV3/OR16-13	12.0
IGHD5-24	IGHV3/OR16-14	6.0
IGHD5-24	IGHV3/OR16-15	3.0
IGHD5-24	IGHV3/OR16-16	0.0
IGHD5-24	IGHV3/OR16-6	3.0
IGHD5-24	IGHV3/OR16-8	32.0
IGHD5-24	IGHV3/OR16-9	26.0
IGHD5-24	IGHV4-28	119.0
IGHD5-24	IGHV4-30-2	1955.0
IGHD5-24	IGHV4-30-4	2060.0
IGHD5-24	IGHV4-31	4018.0
IGHD5-24	IGHV4-34	13038.0
IGHD5-24	IGHV4-38-2	2447.0
IGHD5-24	IGHV4-39	10957.0
IGHD5-24	IGHV4-4	5321.0
IGHD5-24	IGHV4-55	335.0
IGHD5-24	IGHV4-59	18137.0
IGHD5-24	IGHV4-61	4647.0
IGHD5-24	IGHV4/OR15-8	110.0
IGHD5-24	IGHV5-10-1	1582.0
IGHD5-24	IGHV5-51	8306.0
IGHD5-24	IGHV5-78	6.0
IGHD5-24	IGHV6-1	3346.0
IGHD5-24	IGHV7-34-1	123.0
IGHD5-24	IGHV7-4-1	2159.0
IGHD5-24	IGHV7-40	2.0
IGHD5-24	IGHV7-81	245.0
IGHD5/OR15-5a	IGHV1-18	1148.0
IGHD5/OR15-5a	IGHV1-2	1168.0
IGHD5/OR15-5a	IGHV1-24	220.0
IGHD5/OR15-5a	IGHV1-3	650.0
IGHD5/OR15-5a	IGHV1-38-4	6.0
IGHD5/OR15-5a	IGHV1-45	31.0
IGHD5/OR15-5a	IGHV1-46	553.0
IGHD5/OR15-5a	IGHV1-58	85.0
IGHD5/OR15-5a	IGHV1-68	11.0
IGHD5/OR15-5a	IGHV1-69	1573.0
IGHD5/OR15-5a	IGHV1-69-2	73.0
IGHD5/OR15-5a	IGHV1-69D	1.0
IGHD5/OR15-5a	IGHV1-8	620.0
IGHD5/OR15-5a	IGHV1/OR15-1	29.0
IGHD5/OR15-5a	IGHV1/OR15-2	54.0
IGHD5/OR15-5a	IGHV1/OR15-3	9.0
IGHD5/OR15-5a	IGHV1/OR15-4	7.0
IGHD5/OR15-5a	IGHV1/OR15-5	7.0
IGHD5/OR15-5a	IGHV1/OR15-9	19.0
IGHD5/OR15-5a	IGHV1/OR21-1	0.0
IGHD5/OR15-5a	IGHV2-10	6.0
IGHD5/OR15-5a	IGHV2-26	40.0
IGHD5/OR15-5a	IGHV2-5	519.0
IGHD5/OR15-5a	IGHV2-70	148.0
IGHD5/OR15-5a	IGHV2-70D	1.0
IGHD5/OR15-5a	IGHV2/OR16-5	0.0
IGHD5/OR15-5a	IGHV3-11	560.0
IGHD5/OR15-5a	IGHV3-13	516.0
IGHD5/OR15-5a	IGHV3-15	506.0
IGHD5/OR15-5a	IGHV3-16	2.0
IGHD5/OR15-5a	IGHV3-19	3.0
IGHD5/OR15-5a	IGHV3-20	192.0
IGHD5/OR15-5a	IGHV3-21	1253.0
IGHD5/OR15-5a	IGHV3-22	141.0
IGHD5/OR15-5a	IGHV3-23	2886.0
IGHD5/OR15-5a	IGHV3-23D	23.0
IGHD5/OR15-5a	IGHV3-25	1.0
IGHD5/OR15-5a	IGHV3-29	0.0
IGHD5/OR15-5a	IGHV3-30	1852.0
IGHD5/OR15-5a	IGHV3-30-2	0.0
IGHD5/OR15-5a	IGHV3-30-22	0.0
IGHD5/OR15-5a	IGHV3-30-3	593.0
IGHD5/OR15-5a	IGHV3-30-33	0.0
IGHD5/OR15-5a	IGHV3-30-5	53.0
IGHD5/OR15-5a	IGHV3-30-52	0.0
IGHD5/OR15-5a	IGHV3-32	2.0
IGHD5/OR15-5a	IGHV3-33	724.0
IGHD5/OR15-5a	IGHV3-33-2	1.0
IGHD5/OR15-5a	IGHV3-35	27.0
IGHD5/OR15-5a	IGHV3-38	13.0
IGHD5/OR15-5a	IGHV3-38-3	91.0
IGHD5/OR15-5a	IGHV3-43	113.0
IGHD5/OR15-5a	IGHV3-43D	56.0
IGHD5/OR15-5a	IGHV3-47	13.0
IGHD5/OR15-5a	IGHV3-48	947.0
IGHD5/OR15-5a	IGHV3-49	128.0
IGHD5/OR15-5a	IGHV3-52	40.0
IGHD5/OR15-5a	IGHV3-53	596.0
IGHD5/OR15-5a	IGHV3-54	2.0
IGHD5/OR15-5a	IGHV3-62	2.0
IGHD5/OR15-5a	IGHV3-63	0.0
IGHD5/OR15-5a	IGHV3-64	147.0
IGHD5/OR15-5a	IGHV3-64D	68.0
IGHD5/OR15-5a	IGHV3-66	493.0
IGHD5/OR15-5a	IGHV3-69-1	143.0
IGHD5/OR15-5a	IGHV3-7	1389.0
IGHD5/OR15-5a	IGHV3-71	68.0
IGHD5/OR15-5a	IGHV3-72	119.0
IGHD5/OR15-5a	IGHV3-73	278.0
IGHD5/OR15-5a	IGHV3-74	757.0
IGHD5/OR15-5a	IGHV3-9	608.0
IGHD5/OR15-5a	IGHV3-NL1	9.0
IGHD5/OR15-5a	IGHV3/OR15-7	3.0
IGHD5/OR15-5a	IGHV3/OR16-10	5.0
IGHD5/OR15-5a	IGHV3/OR16-12	1.0
IGHD5/OR15-5a	IGHV3/OR16-13	1.0
IGHD5/OR15-5a	IGHV3/OR16-14	0.0
IGHD5/OR15-5a	IGHV3/OR16-15	1.0
IGHD5/OR15-5a	IGHV3/OR16-16	0.0
IGHD5/OR15-5a	IGHV3/OR16-6	0.0
IGHD5/OR15-5a	IGHV3/OR16-8	4.0
IGHD5/OR15-5a	IGHV3/OR16-9	4.0
IGHD5/OR15-5a	IGHV4-28	47.0
IGHD5/OR15-5a	IGHV4-30-2	286.0
IGHD5/OR15-5a	IGHV4-30-4	304.0
IGHD5/OR15-5a	IGHV4-31	618.0
IGHD5/OR15-5a	IGHV4-34	1797.0
IGHD5/OR15-5a	IGHV4-38-2	396.0
IGHD5/OR15-5a	IGHV4-39	1526.0
IGHD5/OR15-5a	IGHV4-4	980.0
IGHD5/OR15-5a	IGHV4-55	67.0
IGHD5/OR15-5a	IGHV4-59	2231.0
IGHD5/OR15-5a	IGHV4-61	591.0
IGHD5/OR15-5a	IGHV4/OR15-8	31.0
IGHD5/OR15-5a	IGHV5-10-1	326.0
IGHD5/OR15-5a	IGHV5-51	934.0
IGHD5/OR15-5a	IGHV5-78	4.0
IGHD5/OR15-5a	IGHV6-1	652.0
IGHD5/OR15-5a	IGHV7-34-1	72.0
IGHD5/OR15-5a	IGHV7-4-1	318.0
IGHD5/OR15-5a	IGHV7-40	0.0
IGHD5/OR15-5a	IGHV7-81	57.0
IGHD6-13	IGHV1-18	41083.0
IGHD6-13	IGHV1-2	44318.0
IGHD6-13	IGHV1-24	6546.0
IGHD6-13	IGHV1-3	22529.0
IGHD6-13	IGHV1-38-4	78.0
IGHD6-13	IGHV1-45	1029.0
IGHD6-13	IGHV1-46	17270.0
IGHD6-13	IGHV1-58	2608.0
IGHD6-13	IGHV1-68	420.0
IGHD6-13	IGHV1-69	40563.0
IGHD6-13	IGHV1-69-2	308.0
IGHD6-13	IGHV1-69D	157.0
IGHD6-13	IGHV1-8	25248.0
IGHD6-13	IGHV1/OR15-1	68.0
IGHD6-13	IGHV1/OR15-2	2874.0
IGHD6-13	IGHV1/OR15-3	67.0
IGHD6-13	IGHV1/OR15-4	520.0
IGHD6-13	IGHV1/OR15-5	63.0
IGHD6-13	IGHV1/OR15-9	155.0
IGHD6-13	IGHV1/OR21-1	37.0
IGHD6-13	IGHV2-10	313.0
IGHD6-13	IGHV2-26	1842.0
IGHD6-13	IGHV2-5	15562.0
IGHD6-13	IGHV2-70	3310.0
IGHD6-13	IGHV2-70D	68.0
IGHD6-13	IGHV2/OR16-5	6.0
IGHD6-13	IGHV3-11	17163.0
IGHD6-13	IGHV3-13	16336.0
IGHD6-13	IGHV3-15	9506.0
IGHD6-13	IGHV3-16	32.0
IGHD6-13	IGHV3-19	216.0
IGHD6-13	IGHV3-20	5181.0
IGHD6-13	IGHV3-21	37966.0
IGHD6-13	IGHV3-22	5023.0
IGHD6-13	IGHV3-23	75517.0
IGHD6-13	IGHV3-23D	496.0
IGHD6-13	IGHV3-25	36.0
IGHD6-13	IGHV3-29	1.0
IGHD6-13	IGHV3-30	52138.0
IGHD6-13	IGHV3-30-2	0.0
IGHD6-13	IGHV3-30-22	0.0
IGHD6-13	IGHV3-30-3	19402.0
IGHD6-13	IGHV3-30-33	2.0
IGHD6-13	IGHV3-30-5	1734.0
IGHD6-13	IGHV3-30-52	0.0
IGHD6-13	IGHV3-32	1.0
IGHD6-13	IGHV3-33	24423.0
IGHD6-13	IGHV3-33-2	0.0
IGHD6-13	IGHV3-35	556.0
IGHD6-13	IGHV3-38	190.0
IGHD6-13	IGHV3-38-3	2841.0
IGHD6-13	IGHV3-43	3287.0
IGHD6-13	IGHV3-43D	1408.0
IGHD6-13	IGHV3-47	278.0
IGHD6-13	IGHV3-48	23515.0
IGHD6-13	IGHV3-49	4298.0
IGHD6-13	IGHV3-52	1010.0
IGHD6-13	IGHV3-53	16269.0
IGHD6-13	IGHV3-54	7.0
IGHD6-13	IGHV3-62	23.0
IGHD6-13	IGHV3-63	12.0
IGHD6-13	IGHV3-64	4926.0
IGHD6-13	IGHV3-64D	2233.0
IGHD6-13	IGHV3-66	14133.0
IGHD6-13	IGHV3-69-1	3813.0
IGHD6-13	IGHV3-7	33314.0
IGHD6-13	IGHV3-71	1785.0
IGHD6-13	IGHV3-72	1190.0
IGHD6-13	IGHV3-73	2737.0
IGHD6-13	IGHV3-74	15119.0
IGHD6-13	IGHV3-9	22789.0
IGHD6-13	IGHV3-NL1	151.0
IGHD6-13	IGHV3/OR15-7	24.0
IGHD6-13	IGHV3/OR16-10	59.0
IGHD6-13	IGHV3/OR16-12	13.0
IGHD6-13	IGHV3/OR16-13	71.0
IGHD6-13	IGHV3/OR16-14	14.0
IGHD6-13	IGHV3/OR16-15	41.0
IGHD6-13	IGHV3/OR16-16	13.0
IGHD6-13	IGHV3/OR16-6	1.0
IGHD6-13	IGHV3/OR16-8	71.0
IGHD6-13	IGHV3/OR16-9	40.0
IGHD6-13	IGHV4-28	678.0
IGHD6-13	IGHV4-30-2	8437.0
IGHD6-13	IGHV4-30-4	6669.0
IGHD6-13	IGHV4-31	14294.0
IGHD6-13	IGHV4-34	67095.0
IGHD6-13	IGHV4-38-2	9669.0
IGHD6-13	IGHV4-39	45537.0
IGHD6-13	IGHV4-4	35023.0
IGHD6-13	IGHV4-55	1437.0
IGHD6-13	IGHV4-59	68563.0
IGHD6-13	IGHV4-61	15580.0
IGHD6-13	IGHV4/OR15-8	422.0
IGHD6-13	IGHV5-10-1	6777.0
IGHD6-13	IGHV5-51	24721.0
IGHD6-13	IGHV5-78	11.0
IGHD6-13	IGHV6-1	38328.0
IGHD6-13	IGHV7-34-1	4274.0
IGHD6-13	IGHV7-4-1	17774.0
IGHD6-13	IGHV7-40	15.0
IGHD6-13	IGHV7-81	381.0
IGHD6-19	IGHV1-18	42736.0
IGHD6-19	IGHV1-2	41663.0
IGHD6-19	IGHV1-24	6717.0
IGHD6-19	IGHV1-3	24750.0
IGHD6-19	IGHV1-38-4	70.0
IGHD6-19	IGHV1-45	1084.0
IGHD6-19	IGHV1-46	16255.0
IGHD6-19	IGHV1-58	2629.0
IGHD6-19	IGHV1-68	321.0
IGHD6-19	IGHV1-69	34567.0
IGHD6-19	IGHV1-69-2	261.0
IGHD6-19	IGHV1-69D	139.0
IGHD6-19	IGHV1-8	22169.0
IGHD6-19	IGHV1/OR15-1	113.0
IGHD6-19	IGHV1/OR15-2	2441.0
IGHD6-19	IGHV1/OR15-3	66.0
IGHD6-19	IGHV1/OR15-4	457.0
IGHD6-19	IGHV1/OR15-5	48.0
IGHD6-19	IGHV1/OR15-9	246.0
IGHD6-19	IGHV1/OR21-1	22.0
IGHD6-19	IGHV2-10	349.0
IGHD6-19	IGHV2-26	1576.0
IGHD6-19	IGHV2-5	11920.0
IGHD6-19	IGHV2-70	3332.0
IGHD6-19	IGHV2-70D	54.0
IGHD6-19	IGHV2/OR16-5	2.0
IGHD6-19	IGHV3-11	16046.0
IGHD6-19	IGHV3-13	15824.0
IGHD6-19	IGHV3-15	9505.0
IGHD6-19	IGHV3-16	19.0
IGHD6-19	IGHV3-19	106.0
IGHD6-19	IGHV3-20	5603.0
IGHD6-19	IGHV3-21	35508.0
IGHD6-19	IGHV3-22	4468.0
IGHD6-19	IGHV3-23	86171.0
IGHD6-19	IGHV3-23D	581.0
IGHD6-19	IGHV3-25	43.0
IGHD6-19	IGHV3-29	1.0
IGHD6-19	IGHV3-30	55598.0
IGHD6-19	IGHV3-30-2	6.0
IGHD6-19	IGHV3-30-22	1.0
IGHD6-19	IGHV3-30-3	19840.0
IGHD6-19	IGHV3-30-33	24.0
IGHD6-19	IGHV3-30-5	2033.0
IGHD6-19	IGHV3-30-52	0.0
IGHD6-19	IGHV3-32	0.0
IGHD6-19	IGHV3-33	25817.0
IGHD6-19	IGHV3-33-2	4.0
IGHD6-19	IGHV3-35	289.0
IGHD6-19	IGHV3-38	340.0
IGHD6-19	IGHV3-38-3	2420.0
IGHD6-19	IGHV3-43	3582.0
IGHD6-19	IGHV3-43D	1448.0
IGHD6-19	IGHV3-47	272.0
IGHD6-19	IGHV3-48	24250.0
IGHD6-19	IGHV3-49	4178.0
IGHD6-19	IGHV3-52	630.0
IGHD6-19	IGHV3-53	15770.0
IGHD6-19	IGHV3-54	8.0
IGHD6-19	IGHV3-62	20.0
IGHD6-19	IGHV3-63	3.0
IGHD6-19	IGHV3-64	4990.0
IGHD6-19	IGHV3-64D	2247.0
IGHD6-19	IGHV3-66	13735.0
IGHD6-19	IGHV3-69-1	3676.0
IGHD6-19	IGHV3-7	35242.0
IGHD6-19	IGHV3-71	1729.0
IGHD6-19	IGHV3-72	1441.0
IGHD6-19	IGHV3-73	2957.0
IGHD6-19	IGHV3-74	16188.0
IGHD6-19	IGHV3-9	25551.0
IGHD6-19	IGHV3-NL1	123.0
IGHD6-19	IGHV3/OR15-7	4.0
IGHD6-19	IGHV3/OR16-10	54.0
IGHD6-19	IGHV3/OR16-12	22.0
IGHD6-19	IGHV3/OR16-13	51.0
IGHD6-19	IGHV3/OR16-14	12.0
IGHD6-19	IGHV3/OR16-15	26.0
IGHD6-19	IGHV3/OR16-16	13.0
IGHD6-19	IGHV3/OR16-6	1.0
IGHD6-19	IGHV3/OR16-8	36.0
IGHD6-19	IGHV3/OR16-9	65.0
IGHD6-19	IGHV4-28	712.0
IGHD6-19	IGHV4-30-2	5440.0
IGHD6-19	IGHV4-30-4	4402.0
IGHD6-19	IGHV4-31	8988.0
IGHD6-19	IGHV4-34	57235.0
IGHD6-19	IGHV4-38-2	8837.0
IGHD6-19	IGHV4-39	43826.0
IGHD6-19	IGHV4-4	32502.0
IGHD6-19	IGHV4-55	1413.0
IGHD6-19	IGHV4-59	62215.0
IGHD6-19	IGHV4-61	15101.0
IGHD6-19	IGHV4/OR15-8	446.0
IGHD6-19	IGHV5-10-1	6224.0
IGHD6-19	IGHV5-51	22614.0
IGHD6-19	IGHV5-78	12.0
IGHD6-19	IGHV6-1	35093.0
IGHD6-19	IGHV7-34-1	201.0
IGHD6-19	IGHV7-4-1	17857.0
IGHD6-19	IGHV7-40	1.0
IGHD6-19	IGHV7-81	169.0
IGHD6-25	IGHV1-18	2332.0
IGHD6-25	IGHV1-2	2393.0
IGHD6-25	IGHV1-24	416.0
IGHD6-25	IGHV1-3	1548.0
IGHD6-25	IGHV1-38-4	6.0
IGHD6-25	IGHV1-45	51.0
IGHD6-25	IGHV1-46	1152.0
IGHD6-25	IGHV1-58	170.0
IGHD6-25	IGHV1-68	27.0
IGHD6-25	IGHV1-69	2225.0
IGHD6-25	IGHV1-69-2	32.0
IGHD6-25	IGHV1-69D	11.0
IGHD6-25	IGHV1-8	1270.0
IGHD6-25	IGHV1/OR15-1	9.0
IGHD6-25	IGHV1/OR15-2	73.0
IGHD6-25	IGHV1/OR15-3	10.0
IGHD6-25	IGHV1/OR15-4	12.0
IGHD6-25	IGHV1/OR15-5	3.0
IGHD6-25	IGHV1/OR15-9	6.0
IGHD6-25	IGHV1/OR21-1	1.0
IGHD6-25	IGHV2-10	15.0
IGHD6-25	IGHV2-26	82.0
IGHD6-25	IGHV2-5	843.0
IGHD6-25	IGHV2-70	185.0
IGHD6-25	IGHV2-70D	6.0
IGHD6-25	IGHV2/OR16-5	0.0
IGHD6-25	IGHV3-11	1191.0
IGHD6-25	IGHV3-13	772.0
IGHD6-25	IGHV3-15	785.0
IGHD6-25	IGHV3-16	3.0
IGHD6-25	IGHV3-19	10.0
IGHD6-25	IGHV3-20	285.0
IGHD6-25	IGHV3-21	2499.0
IGHD6-25	IGHV3-22	214.0
IGHD6-25	IGHV3-23	5208.0
IGHD6-25	IGHV3-23D	34.0
IGHD6-25	IGHV3-25	6.0
IGHD6-25	IGHV3-29	0.0
IGHD6-25	IGHV3-30	3347.0
IGHD6-25	IGHV3-30-2	1.0
IGHD6-25	IGHV3-30-22	0.0
IGHD6-25	IGHV3-30-3	1041.0
IGHD6-25	IGHV3-30-33	5.0
IGHD6-25	IGHV3-30-5	80.0
IGHD6-25	IGHV3-30-52	0.0
IGHD6-25	IGHV3-32	0.0
IGHD6-25	IGHV3-33	1399.0
IGHD6-25	IGHV3-33-2	2.0
IGHD6-25	IGHV3-35	33.0
IGHD6-25	IGHV3-38	24.0
IGHD6-25	IGHV3-38-3	162.0
IGHD6-25	IGHV3-43	252.0
IGHD6-25	IGHV3-43D	84.0
IGHD6-25	IGHV3-47	22.0
IGHD6-25	IGHV3-48	1943.0
IGHD6-25	IGHV3-49	257.0
IGHD6-25	IGHV3-52	44.0
IGHD6-25	IGHV3-53	1007.0
IGHD6-25	IGHV3-54	1.0
IGHD6-25	IGHV3-62	1.0
IGHD6-25	IGHV3-63	0.0
IGHD6-25	IGHV3-64	328.0
IGHD6-25	IGHV3-64D	128.0
IGHD6-25	IGHV3-66	936.0
IGHD6-25	IGHV3-69-1	291.0
IGHD6-25	IGHV3-7	2567.0
IGHD6-25	IGHV3-71	91.0
IGHD6-25	IGHV3-72	196.0
IGHD6-25	IGHV3-73	174.0
IGHD6-25	IGHV3-74	1419.0
IGHD6-25	IGHV3-9	1162.0
IGHD6-25	IGHV3-NL1	16.0
IGHD6-25	IGHV3/OR15-7	4.0
IGHD6-25	IGHV3/OR16-10	6.0
IGHD6-25	IGHV3/OR16-12	4.0
IGHD6-25	IGHV3/OR16-13	15.0
IGHD6-25	IGHV3/OR16-14	4.0
IGHD6-25	IGHV3/OR16-15	2.0
IGHD6-25	IGHV3/OR16-16	0.0
IGHD6-25	IGHV3/OR16-6	0.0
IGHD6-25	IGHV3/OR16-8	8.0
IGHD6-25	IGHV3/OR16-9	12.0
IGHD6-25	IGHV4-28	44.0
IGHD6-25	IGHV4-30-2	535.0
IGHD6-25	IGHV4-30-4	568.0
IGHD6-25	IGHV4-31	1008.0
IGHD6-25	IGHV4-34	3420.0
IGHD6-25	IGHV4-38-2	761.0
IGHD6-25	IGHV4-39	3041.0
IGHD6-25	IGHV4-4	2111.0
IGHD6-25	IGHV4-55	77.0
IGHD6-25	IGHV4-59	4281.0
IGHD6-25	IGHV4-61	967.0
IGHD6-25	IGHV4/OR15-8	52.0
IGHD6-25	IGHV5-10-1	385.0
IGHD6-25	IGHV5-51	1852.0
IGHD6-25	IGHV5-78	1.0
IGHD6-25	IGHV6-1	1623.0
IGHD6-25	IGHV7-34-1	231.0
IGHD6-25	IGHV7-4-1	612.0
IGHD6-25	IGHV7-40	3.0
IGHD6-25	IGHV7-81	36.0
IGHD6-6	IGHV1-18	12891.0
IGHD6-6	IGHV1-2	15911.0
IGHD6-6	IGHV1-24	2195.0
IGHD6-6	IGHV1-3	5756.0
IGHD6-6	IGHV1-38-4	31.0
IGHD6-6	IGHV1-45	344.0
IGHD6-6	IGHV1-46	6729.0
IGHD6-6	IGHV1-58	918.0
IGHD6-6	IGHV1-68	134.0
IGHD6-6	IGHV1-69	17818.0
IGHD6-6	IGHV1-69-2	131.0
IGHD6-6	IGHV1-69D	95.0
IGHD6-6	IGHV1-8	9058.0
IGHD6-6	IGHV1/OR15-1	27.0
IGHD6-6	IGHV1/OR15-2	799.0
IGHD6-6	IGHV1/OR15-3	16.0
IGHD6-6	IGHV1/OR15-4	124.0
IGHD6-6	IGHV1/OR15-5	35.0
IGHD6-6	IGHV1/OR15-9	100.0
IGHD6-6	IGHV1/OR21-1	12.0
IGHD6-6	IGHV2-10	130.0
IGHD6-6	IGHV2-26	596.0
IGHD6-6	IGHV2-5	3999.0
IGHD6-6	IGHV2-70	1176.0
IGHD6-6	IGHV2-70D	39.0
IGHD6-6	IGHV2/OR16-5	1.0
IGHD6-6	IGHV3-11	5499.0
IGHD6-6	IGHV3-13	4576.0
IGHD6-6	IGHV3-15	3471.0
IGHD6-6	IGHV3-16	13.0
IGHD6-6	IGHV3-19	66.0
IGHD6-6	IGHV3-20	1586.0
IGHD6-6	IGHV3-21	13582.0
IGHD6-6	IGHV3-22	1758.0
IGHD6-6	IGHV3-23	25688.0
IGHD6-6	IGHV3-23D	182.0
IGHD6-6	IGHV3-25	23.0
IGHD6-6	IGHV3-29	0.0
IGHD6-6	IGHV3-30	17065.0
IGHD6-6	IGHV3-30-2	0.0
IGHD6-6	IGHV3-30-22	0.0
IGHD6-6	IGHV3-30-3	6563.0
IGHD6-6	IGHV3-30-33	0.0
IGHD6-6	IGHV3-30-5	709.0
IGHD6-6	IGHV3-30-52	0.0
IGHD6-6	IGHV3-32	0.0
IGHD6-6	IGHV3-33	8742.0
IGHD6-6	IGHV3-33-2	0.0
IGHD6-6	IGHV3-35	223.0
IGHD6-6	IGHV3-38	100.0
IGHD6-6	IGHV3-38-3	739.0
IGHD6-6	IGHV3-43	1168.0
IGHD6-6	IGHV3-43D	385.0
IGHD6-6	IGHV3-47	78.0
IGHD6-6	IGHV3-48	8084.0
IGHD6-6	IGHV3-49	1538.0
IGHD6-6	IGHV3-52	277.0
IGHD6-6	IGHV3-53	5614.0
IGHD6-6	IGHV3-54	5.0
IGHD6-6	IGHV3-62	6.0
IGHD6-6	IGHV3-63	0.0
IGHD6-6	IGHV3-64	1861.0
IGHD6-6	IGHV3-64D	707.0
IGHD6-6	IGHV3-66	4481.0
IGHD6-6	IGHV3-69-1	1411.0
IGHD6-6	IGHV3-7	11294.0
IGHD6-6	IGHV3-71	573.0
IGHD6-6	IGHV3-72	499.0
IGHD6-6	IGHV3-73	1047.0
IGHD6-6	IGHV3-74	5295.0
IGHD6-6	IGHV3-9	7005.0
IGHD6-6	IGHV3-NL1	50.0
IGHD6-6	IGHV3/OR15-7	6.0
IGHD6-6	IGHV3/OR16-10	27.0
IGHD6-6	IGHV3/OR16-12	13.0
IGHD6-6	IGHV3/OR16-13	34.0
IGHD6-6	IGHV3/OR16-14	6.0
IGHD6-6	IGHV3/OR16-15	13.0
IGHD6-6	IGHV3/OR16-16	4.0
IGHD6-6	IGHV3/OR16-6	0.0
IGHD6-6	IGHV3/OR16-8	28.0
IGHD6-6	IGHV3/OR16-9	22.0
IGHD6-6	IGHV4-28	206.0
IGHD6-6	IGHV4-30-2	3295.0
IGHD6-6	IGHV4-30-4	2749.0
IGHD6-6	IGHV4-31	5434.0
IGHD6-6	IGHV4-34	22459.0
IGHD6-6	IGHV4-38-2	3032.0
IGHD6-6	IGHV4-39	15073.0
IGHD6-6	IGHV4-4	9729.0
IGHD6-6	IGHV4-55	410.0
IGHD6-6	IGHV4-59	21200.0
IGHD6-6	IGHV4-61	5439.0
IGHD6-6	IGHV4/OR15-8	166.0
IGHD6-6	IGHV5-10-1	2674.0
IGHD6-6	IGHV5-51	10564.0
IGHD6-6	IGHV5-78	2.0
IGHD6-6	IGHV6-1	16217.0
IGHD6-6	IGHV7-34-1	217.0
IGHD6-6	IGHV7-4-1	3751.0
IGHD6-6	IGHV7-40	6.0
IGHD6-6	IGHV7-81	237.0
IGHD7-27	IGHV1-18	4891.0
IGHD7-27	IGHV1-2	6279.0
IGHD7-27	IGHV1-24	1041.0
IGHD7-27	IGHV1-3	1879.0
IGHD7-27	IGHV1-38-4	4.0
IGHD7-27	IGHV1-45	96.0
IGHD7-27	IGHV1-46	2397.0
IGHD7-27	IGHV1-58	306.0
IGHD7-27	IGHV1-68	40.0
IGHD7-27	IGHV1-69	5606.0
IGHD7-27	IGHV1-69-2	64.0
IGHD7-27	IGHV1-69D	28.0
IGHD7-27	IGHV1-8	3474.0
IGHD7-27	IGHV1/OR15-1	17.0
IGHD7-27	IGHV1/OR15-2	152.0
IGHD7-27	IGHV1/OR15-3	17.0
IGHD7-27	IGHV1/OR15-4	37.0
IGHD7-27	IGHV1/OR15-5	8.0
IGHD7-27	IGHV1/OR15-9	16.0
IGHD7-27	IGHV1/OR21-1	4.0
IGHD7-27	IGHV2-10	25.0
IGHD7-27	IGHV2-26	160.0
IGHD7-27	IGHV2-5	1672.0
IGHD7-27	IGHV2-70	399.0
IGHD7-27	IGHV2-70D	5.0
IGHD7-27	IGHV2/OR16-5	3.0
IGHD7-27	IGHV3-11	2440.0
IGHD7-27	IGHV3-13	1436.0
IGHD7-27	IGHV3-15	1830.0
IGHD7-27	IGHV3-16	21.0
IGHD7-27	IGHV3-19	28.0
IGHD7-27	IGHV3-20	824.0
IGHD7-27	IGHV3-21	5182.0
IGHD7-27	IGHV3-22	364.0
IGHD7-27	IGHV3-23	11919.0
IGHD7-27	IGHV3-23D	95.0
IGHD7-27	IGHV3-25	11.0
IGHD7-27	IGHV3-29	0.0
IGHD7-27	IGHV3-30	7128.0
IGHD7-27	IGHV3-30-2	1.0
IGHD7-27	IGHV3-30-22	1.0
IGHD7-27	IGHV3-30-3	2264.0
IGHD7-27	IGHV3-30-33	0.0
IGHD7-27	IGHV3-30-5	176.0
IGHD7-27	IGHV3-30-52	0.0
IGHD7-27	IGHV3-32	1.0
IGHD7-27	IGHV3-33	2863.0
IGHD7-27	IGHV3-33-2	1.0
IGHD7-27	IGHV3-35	67.0
IGHD7-27	IGHV3-38	20.0
IGHD7-27	IGHV3-38-3	297.0
IGHD7-27	IGHV3-43	859.0
IGHD7-27	IGHV3-43D	184.0
IGHD7-27	IGHV3-47	25.0
IGHD7-27	IGHV3-48	4246.0
IGHD7-27	IGHV3-49	666.0
IGHD7-27	IGHV3-52	102.0
IGHD7-27	IGHV3-53	2914.0
IGHD7-27	IGHV3-54	3.0
IGHD7-27	IGHV3-62	5.0
IGHD7-27	IGHV3-63	1.0
IGHD7-27	IGHV3-64	640.0
IGHD7-27	IGHV3-64D	239.0
IGHD7-27	IGHV3-66	1843.0
IGHD7-27	IGHV3-69-1	665.0
IGHD7-27	IGHV3-7	5885.0
IGHD7-27	IGHV3-71	164.0
IGHD7-27	IGHV3-72	385.0
IGHD7-27	IGHV3-73	433.0
IGHD7-27	IGHV3-74	3551.0
IGHD7-27	IGHV3-9	2315.0
IGHD7-27	IGHV3-NL1	25.0
IGHD7-27	IGHV3/OR15-7	5.0
IGHD7-27	IGHV3/OR16-10	29.0
IGHD7-27	IGHV3/OR16-12	6.0
IGHD7-27	IGHV3/OR16-13	14.0
IGHD7-27	IGHV3/OR16-14	2.0
IGHD7-27	IGHV3/OR16-15	10.0
IGHD7-27	IGHV3/OR16-16	1.0
IGHD7-27	IGHV3/OR16-6	0.0
IGHD7-27	IGHV3/OR16-8	12.0
IGHD7-27	IGHV3/OR16-9	15.0
IGHD7-27	IGHV4-28	126.0
IGHD7-27	IGHV4-30-2	1258.0
IGHD7-27	IGHV4-30-4	1313.0
IGHD7-27	IGHV4-31	2149.0
IGHD7-27	IGHV4-34	6760.0
IGHD7-27	IGHV4-38-2	1485.0
IGHD7-27	IGHV4-39	6191.0
IGHD7-27	IGHV4-4	3639.0
IGHD7-27	IGHV4-55	152.0
IGHD7-27	IGHV4-59	9977.0
IGHD7-27	IGHV4-61	2673.0
IGHD7-27	IGHV4/OR15-8	84.0
IGHD7-27	IGHV5-10-1	889.0
IGHD7-27	IGHV5-51	4081.0
IGHD7-27	IGHV5-78	2.0
IGHD7-27	IGHV6-1	3538.0
IGHD7-27	IGHV7-34-1	76.0
IGHD7-27	IGHV7-4-1	1122.0
IGHD7-27	IGHV7-40	1.0
IGHD7-27	IGHV7-81	101.0
